,precision,recall,f1-score,support
0,0.8641975308641975,0.9333333333333333,0.8974358974358974,75.0
1,0.9565217391304348,0.9041095890410958,0.9295774647887325,73.0
2,0.826530612244898,0.9418604651162791,0.8804347826086957,86.0
3,0.8727272727272727,0.8,0.8347826086956521,60.0
4,0.7681159420289855,0.9724770642201835,0.8582995951417004,109.0
5,0.8409090909090909,0.9487179487179487,0.891566265060241,78.0
6,1.0,0.5777777777777777,0.732394366197183,45.0
7,0.0,0.0,0.0,46.0
8,0.6268656716417911,0.8571428571428571,0.7241379310344828,49.0
9,0.875,0.875,0.875,80.0
10,0.8450704225352113,0.8450704225352113,0.8450704225352113,71.0
11,0.7716535433070866,0.98989898989899,0.8672566371681416,99.0
12,0.9375,0.45454545454545453,0.6122448979591837,66.0
13,0.8849557522123894,0.970873786407767,0.9259259259259259,103.0
14,0.7640449438202247,0.9855072463768116,0.8607594936708861,69.0
15,0.8490566037735849,0.8823529411764706,0.8653846153846154,102.0
16,0.9882352941176471,0.9032258064516129,0.943820224719101,93.0
17,1.0,0.7971014492753623,0.8870967741935484,69.0
18,0.7833333333333333,1.0,0.8785046728971964,94.0
19,0.8839285714285714,0.99,0.9339622641509434,100.0
20,0.9195402298850575,0.9302325581395349,0.9248554913294798,86.0
21,0.8514851485148515,0.9885057471264368,0.9148936170212766,87.0
22,0.8611111111111112,0.96875,0.911764705882353,64.0
23,0.8947368421052632,0.9272727272727272,0.9107142857142856,110.0
24,0.9375,0.9905660377358491,0.963302752293578,106.0
25,0.8823529411764706,0.3191489361702128,0.46875,47.0
26,0.8515625,0.9159663865546218,0.8825910931174089,119.0
27,0.8928571428571429,0.9493670886075949,0.920245398773006,79.0
28,0.7706422018348624,1.0,0.8704663212435233,84.0
29,0.8682170542635659,0.9911504424778761,0.9256198347107438,113.0
30,0.8548387096774194,1.0,0.9217391304347826,106.0
31,1.0,0.3409090909090909,0.5084745762711864,44.0
32,1.0,0.10526315789473684,0.1904761904761905,19.0
33,0.9629629629629629,0.975,0.9689440993788819,80.0
34,0.0,0.0,0.0,7.0
35,0.95,0.6666666666666666,0.7835051546391752,57.0
36,0.8987341772151899,0.8987341772151899,0.8987341772151899,79.0
37,0.8333333333333334,0.8536585365853658,0.8433734939759037,41.0
38,0.8545454545454545,0.9690721649484536,0.9082125603864734,97.0
39,0.7619047619047619,1.0,0.8648648648648648,96.0
40,0.8484848484848485,1.0,0.9180327868852458,112.0
41,0.7567567567567568,0.5490196078431373,0.6363636363636364,51.0
42,0.9411764705882353,0.25806451612903225,0.4050632911392405,62.0
43,0.8135593220338984,0.9795918367346939,0.888888888888889,98.0
44,0.8235294117647058,0.7636363636363637,0.7924528301886793,55.0
45,1.0,0.24,0.3870967741935484,50.0
46,0.7777777777777778,0.6730769230769231,0.7216494845360825,52.0
47,0.9655172413793104,0.7,0.8115942028985508,80.0
48,0.9565217391304348,0.4,0.5641025641025641,55.0
49,0.5,0.4583333333333333,0.4782608695652174,24.0
50,0.9538461538461539,0.8732394366197183,0.9117647058823529,71.0
51,0.797979797979798,0.9404761904761905,0.8633879781420766,84.0
52,0.8737864077669902,0.967741935483871,0.9183673469387754,93.0
53,0.9603960396039604,1.0,0.9797979797979798,97.0
54,0.7154471544715447,1.0,0.8341232227488152,88.0
55,0.6162790697674418,0.7681159420289855,0.6838709677419355,69.0
56,0.8354430379746836,0.825,0.8301886792452831,80.0
57,0.8809523809523809,0.961038961038961,0.9192546583850931,77.0
58,0.8688524590163934,0.9724770642201835,0.9177489177489178,109.0
59,0.6944444444444444,0.9868421052631579,0.8152173913043478,76.0
60,0.9333333333333333,0.8045977011494253,0.8641975308641976,87.0
61,0.8482142857142857,0.9895833333333334,0.9134615384615384,96.0
62,0.7076923076923077,0.989247311827957,0.8251121076233183,93.0
63,1.0,0.5714285714285714,0.7272727272727273,42.0
64,0.9038461538461539,0.9690721649484536,0.9353233830845771,97.0
65,0.8383838383838383,0.9540229885057471,0.8924731182795698,87.0
66,1.0,0.19230769230769232,0.32258064516129037,52.0
67,0.912621359223301,0.9894736842105263,0.9494949494949495,95.0
68,0.9397590361445783,0.9629629629629629,0.9512195121951219,81.0
69,0.9577464788732394,0.9855072463768116,0.9714285714285714,69.0
70,0.8240740740740741,0.9888888888888889,0.8989898989898991,90.0
71,0.9036144578313253,0.8823529411764706,0.8928571428571428,85.0
72,0.8899082568807339,0.9603960396039604,0.9238095238095239,101.0
73,0.8,0.13793103448275862,0.2352941176470588,29.0
74,0.8677685950413223,0.9905660377358491,0.9251101321585904,106.0
75,0.84375,0.9529411764705882,0.8950276243093922,85.0
76,0.0,0.0,0.0,5.0
77,0.8924731182795699,0.9021739130434783,0.8972972972972973,92.0
78,0.828125,0.8983050847457628,0.8617886178861789,59.0
79,0.8765432098765432,0.9861111111111112,0.9281045751633987,72.0
80,1.0,0.5,0.6666666666666666,48.0
81,0.9236641221374046,0.9603174603174603,0.9416342412451363,126.0
82,0.6642335766423357,0.978494623655914,0.7913043478260868,93.0
83,0.9058823529411765,0.8555555555555555,0.88,90.0
84,0.8020833333333334,0.9058823529411765,0.850828729281768,85.0
85,0.7280701754385965,1.0,0.8426395939086295,83.0
86,0.7241379310344828,0.4666666666666667,0.5675675675675675,45.0
87,1.0,0.9387755102040817,0.968421052631579,49.0
88,0.0,0.0,0.0,34.0
89,0.8736842105263158,0.9880952380952381,0.9273743016759777,84.0
90,0.8695652173913043,0.975609756097561,0.9195402298850575,82.0
91,0.88,0.9887640449438202,0.9312169312169312,89.0
92,0.9135802469135802,1.0,0.9548387096774192,74.0
93,0.7964601769911505,0.9782608695652174,0.8780487804878049,92.0
94,0.8823529411764706,1.0,0.9375,105.0
95,0.8452380952380952,0.8658536585365854,0.8554216867469879,82.0
96,0.7476635514018691,0.9876543209876543,0.8510638297872339,81.0
97,0.8034188034188035,0.9894736842105263,0.8867924528301887,95.0
98,0.9259259259259259,0.974025974025974,0.949367088607595,77.0
99,0.9012345679012346,0.8588235294117647,0.8795180722891566,85.0
100,0.8,0.12121212121212122,0.2105263157894737,33.0
101,0.7169811320754716,0.987012987012987,0.8306010928961748,77.0
102,0.75,0.44680851063829785,0.56,47.0
103,0.8790322580645161,1.0,0.9356223175965666,109.0
104,0.751937984496124,0.9897959183673469,0.8546255506607928,98.0
105,0.9696969696969697,0.8,0.8767123287671234,80.0
106,0.8846153846153846,1.0,0.9387755102040816,92.0
107,0.8468468468468469,1.0,0.9170731707317074,94.0
108,0.717741935483871,1.0,0.835680751173709,89.0
109,0.7549019607843137,1.0,0.8603351955307262,77.0
110,0.7802197802197802,0.9726027397260274,0.8658536585365854,73.0
111,1.0,0.13157894736842105,0.23255813953488372,38.0
112,0.9166666666666666,0.8571428571428571,0.8859060402684563,77.0
113,0.9272727272727272,1.0,0.9622641509433962,102.0
114,0.941747572815534,0.9897959183673469,0.9651741293532338,98.0
115,0.8857142857142857,1.0,0.9393939393939393,93.0
116,0.8411214953271028,1.0,0.9137055837563453,90.0
117,0.8473282442748091,0.9736842105263158,0.9061224489795918,114.0
118,0.9104477611940298,0.8714285714285714,0.8905109489051095,70.0
119,0.8446601941747572,0.9560439560439561,0.8969072164948453,91.0
120,0.7863247863247863,0.989247311827957,0.8761904761904762,93.0
121,0.7368421052631579,0.98989898989899,0.8448275862068965,99.0
122,1.0,0.5454545454545454,0.7058823529411764,33.0
123,0.9494949494949495,0.9591836734693877,0.9543147208121828,98.0
124,0.7638888888888888,0.9649122807017544,0.8527131782945737,57.0
125,0.7706422018348624,1.0,0.8704663212435233,84.0
126,0.8640776699029126,1.0,0.9270833333333333,89.0
127,0.7478260869565218,0.9247311827956989,0.826923076923077,93.0
128,1.0,0.14285714285714285,0.25,35.0
129,1.0,0.6382978723404256,0.7792207792207793,47.0
130,0.8163265306122449,0.975609756097561,0.888888888888889,82.0
131,0.875,0.9506172839506173,0.9112426035502958,81.0
132,0.5208333333333334,0.6578947368421053,0.5813953488372092,38.0
133,0.803921568627451,0.6949152542372882,0.7454545454545455,59.0
134,0.9081632653061225,0.9888888888888889,0.946808510638298,90.0
135,0.9074074074074074,1.0,0.9514563106796117,98.0
136,0.8494623655913979,0.9404761904761905,0.8926553672316385,84.0
137,1.0,0.8205128205128205,0.9014084507042254,39.0
138,1.0,0.7142857142857143,0.8333333333333333,56.0
139,0.9148936170212766,0.945054945054945,0.9297297297297297,91.0
140,0.9019607843137255,0.9787234042553191,0.9387755102040817,94.0
141,0.7246376811594203,0.7692307692307693,0.7462686567164178,65.0
142,0.8899082568807339,0.9897959183673469,0.9371980676328503,98.0
143,0.8936170212765957,0.6363636363636364,0.7433628318584069,66.0
144,0.7477477477477478,0.9764705882352941,0.8469387755102041,85.0
145,0.8055555555555556,0.9666666666666667,0.8787878787878789,90.0
146,0.7,0.9905660377358491,0.8203125,106.0
147,0.65,0.975,0.78,80.0
148,0.5909090909090909,0.9285714285714286,0.7222222222222223,56.0
149,0.7619047619047619,0.9142857142857143,0.8311688311688312,70.0
150,0.811965811965812,0.9895833333333334,0.8920187793427231,96.0
151,0.9770114942528736,0.9139784946236559,0.9444444444444445,93.0
152,0.8765432098765432,0.8255813953488372,0.8502994011976048,86.0
153,1.0,0.43137254901960786,0.6027397260273972,51.0
154,0.868421052631579,0.9611650485436893,0.9124423963133641,103.0
155,1.0,0.32727272727272727,0.4931506849315069,55.0
156,0.8823529411764706,1.0,0.9375,105.0
157,0.6329113924050633,0.8333333333333334,0.7194244604316549,60.0
158,1.0,0.9487179487179487,0.9736842105263158,39.0
159,0.9705882352941176,0.6111111111111112,0.7499999999999999,54.0
160,1.0,0.15384615384615385,0.2666666666666667,52.0
161,1.0,0.09523809523809523,0.17391304347826084,21.0
162,0.96,0.42857142857142855,0.5925925925925924,56.0
163,0.7692307692307693,0.989010989010989,0.8653846153846154,91.0
164,0.6589147286821705,0.9659090909090909,0.783410138248848,88.0
165,0.9,0.989010989010989,0.9424083769633509,91.0
166,0.9072164948453608,0.946236559139785,0.9263157894736843,93.0
167,0.9,0.7377049180327869,0.8108108108108109,61.0
168,0.9148936170212766,0.9555555555555556,0.9347826086956522,90.0
169,0.8632478632478633,0.9711538461538461,0.9140271493212669,104.0
170,0.9375,0.7142857142857143,0.8108108108108109,63.0
171,0.9065420560747663,1.0,0.9509803921568627,97.0
172,0.8017241379310345,1.0,0.8899521531100478,93.0
173,0.0,0.0,0.0,3.0
174,0.8552631578947368,0.8666666666666667,0.8609271523178809,75.0
175,0.8333333333333334,0.9259259259259259,0.8771929824561403,81.0
176,0.8983050847457628,0.828125,0.8617886178861789,64.0
177,0.8648648648648649,0.7272727272727273,0.7901234567901235,44.0
178,0.8598130841121495,1.0,0.9246231155778893,92.0
179,0.7857142857142857,0.41509433962264153,0.54320987654321,53.0
180,0.7884615384615384,0.9534883720930233,0.8631578947368421,86.0
181,0.8715596330275229,0.979381443298969,0.9223300970873787,97.0
182,0.8953488372093024,0.9871794871794872,0.9390243902439025,78.0
183,0.9838709677419355,0.8356164383561644,0.9037037037037038,73.0
184,0.7640449438202247,0.9855072463768116,0.8607594936708861,69.0
185,0.7671232876712328,0.9180327868852459,0.8358208955223879,61.0
186,0.8584905660377359,0.978494623655914,0.914572864321608,93.0
187,1.0,0.0851063829787234,0.1568627450980392,47.0
188,0.8484848484848485,0.9655172413793104,0.9032258064516129,87.0
189,0.7878787878787878,0.975,0.8715083798882681,80.0
190,1.0,0.28125,0.43902439024390244,32.0
191,0.9411764705882353,0.9056603773584906,0.923076923076923,106.0
192,0.8160919540229885,0.9861111111111112,0.8930817610062893,72.0
193,0.8494623655913979,0.9518072289156626,0.8977272727272727,83.0
194,0.9347826086956522,0.9555555555555556,0.945054945054945,90.0
195,0.96875,0.8051948051948052,0.8794326241134752,77.0
196,0.8571428571428571,1.0,0.923076923076923,96.0
197,0.9354838709677419,0.5087719298245614,0.6590909090909092,57.0
198,0.8390804597701149,0.9864864864864865,0.906832298136646,74.0
199,0.8333333333333334,0.9036144578313253,0.8670520231213873,83.0
200,0.8532110091743119,1.0,0.9207920792079208,93.0
201,0.8059701492537313,0.72,0.7605633802816901,75.0
202,0.8461538461538461,0.9506172839506173,0.8953488372093024,81.0
203,0.8181818181818182,0.9863013698630136,0.8944099378881987,73.0
204,0.0,0.0,0.0,11.0
205,0.9080459770114943,0.8977272727272727,0.9028571428571429,88.0
206,0.8290598290598291,0.9897959183673469,0.9023255813953488,98.0
207,0.8349514563106796,1.0,0.91005291005291,86.0
208,1.0,0.045454545454545456,0.08695652173913045,44.0
209,0.8767123287671232,0.9014084507042254,0.8888888888888888,71.0
210,0.8476190476190476,0.9888888888888889,0.9128205128205127,90.0
211,0.9,0.9818181818181818,0.9391304347826087,110.0
212,0.9692307692307692,0.984375,0.9767441860465116,64.0
213,0.8879310344827587,1.0,0.9406392694063928,103.0
214,0.8490566037735849,0.989010989010989,0.9137055837563451,91.0
215,1.0,0.8947368421052632,0.9444444444444444,38.0
216,0.8,1.0,0.888888888888889,88.0
217,1.0,0.3709677419354839,0.5411764705882353,62.0
218,0.9,0.1875,0.31034482758620696,48.0
219,1.0,0.1111111111111111,0.19999999999999998,45.0
220,0.7886178861788617,0.9897959183673469,0.8778280542986425,98.0
221,0.9545454545454546,0.9882352941176471,0.9710982658959537,85.0
222,0.6821192052980133,0.9903846153846154,0.807843137254902,104.0
223,0.9292929292929293,0.968421052631579,0.9484536082474226,95.0
224,1.0,0.8387096774193549,0.9122807017543859,31.0
225,0.813953488372093,0.9459459459459459,0.875,74.0
226,0.7518796992481203,0.9900990099009901,0.8547008547008547,101.0
227,0.9210526315789473,0.8974358974358975,0.9090909090909091,78.0
228,1.0,0.609375,0.7572815533980582,64.0
229,0.7755102040816326,0.9743589743589743,0.8636363636363635,78.0
230,0.8585858585858586,0.9883720930232558,0.9189189189189189,86.0
231,0.9814814814814815,0.7571428571428571,0.8548387096774194,70.0
232,0.6928104575163399,0.9724770642201835,0.8091603053435114,109.0
233,0.8879310344827587,1.0,0.9406392694063928,103.0
234,0.8620689655172413,0.9900990099009901,0.9216589861751152,101.0
235,1.0,0.14634146341463414,0.2553191489361702,41.0
236,0.8055555555555556,0.9775280898876404,0.883248730964467,89.0
237,0.9523809523809523,0.7920792079207921,0.8648648648648649,101.0
238,0.896551724137931,0.9629629629629629,0.9285714285714286,108.0
239,1.0,0.38333333333333336,0.5542168674698795,60.0
240,0.8461538461538461,0.4489795918367347,0.5866666666666667,49.0
241,0.9782608695652174,0.9375,0.9574468085106383,96.0
242,0.9203539823008849,0.9904761904761905,0.9541284403669724,105.0
243,0.0,0.0,0.0,7.0
244,0.8113207547169812,0.7962962962962963,0.8037383177570094,54.0
245,1.0,0.21739130434782608,0.3571428571428571,46.0
246,0.9104477611940298,0.8840579710144928,0.8970588235294118,69.0
247,0.9069767441860465,0.6190476190476191,0.7358490566037736,63.0
248,0.5964912280701754,0.8095238095238095,0.6868686868686869,42.0
249,0.9178082191780822,0.9054054054054054,0.9115646258503401,74.0
250,0.9042553191489362,0.9444444444444444,0.9239130434782609,90.0
251,0.0,0.0,0.0,4.0
252,0.9444444444444444,0.9042553191489362,0.9239130434782609,94.0
253,0.8452380952380952,0.8987341772151899,0.8711656441717791,79.0
254,0.8660714285714286,0.9897959183673469,0.9238095238095239,98.0
255,0.9603960396039604,1.0,0.9797979797979798,97.0
256,0.8131868131868132,0.961038961038961,0.880952380952381,77.0
257,0.9315068493150684,0.9066666666666666,0.918918918918919,75.0
258,1.0,0.5147058823529411,0.6796116504854368,68.0
259,0.9207920792079208,0.93,0.9253731343283582,100.0
260,0.8067226890756303,0.96,0.8767123287671232,100.0
261,0.8695652173913043,0.7017543859649122,0.7766990291262136,57.0
262,0.9247311827956989,0.9885057471264368,0.9555555555555556,87.0
263,0.7261904761904762,0.8840579710144928,0.7973856209150327,69.0
264,0.9428571428571428,0.9850746268656716,0.9635036496350364,67.0
265,0.95,0.9743589743589743,0.9620253164556962,78.0
266,1.0,0.32098765432098764,0.4859813084112149,81.0
267,0.8775510204081632,0.9052631578947369,0.8911917098445595,95.0
268,0.9857142857142858,0.8625,0.9200000000000002,80.0
269,0.752,1.0,0.8584474885844748,94.0
270,0.8507462686567164,0.7307692307692307,0.786206896551724,78.0
271,1.0,0.07407407407407407,0.13793103448275862,54.0
272,1.0,0.5208333333333334,0.684931506849315,48.0
273,0.7476635514018691,0.9523809523809523,0.837696335078534,84.0
274,0.7407407407407407,0.9523809523809523,0.8333333333333334,105.0
275,0.7704918032786885,1.0,0.8703703703703703,94.0
276,1.0,0.3888888888888889,0.56,54.0
277,0.79,0.9753086419753086,0.8729281767955802,81.0
278,1.0,0.5660377358490566,0.7228915662650602,53.0
279,0.9191919191919192,0.978494623655914,0.9479166666666667,93.0
280,0.90625,0.5272727272727272,0.6666666666666665,55.0
281,0.8888888888888888,0.9411764705882353,0.9142857142857143,85.0
282,0.9333333333333333,0.7368421052631579,0.8235294117647058,76.0
283,1.0,0.05,0.09523809523809523,60.0
284,0.85,0.7611940298507462,0.8031496062992126,67.0
285,0.8095238095238095,0.9577464788732394,0.8774193548387098,71.0
286,0.8695652173913043,0.9302325581395349,0.898876404494382,86.0
287,1.0,0.8714285714285714,0.9312977099236641,70.0
288,0.8407079646017699,0.9693877551020408,0.900473933649289,98.0
289,0.8547008547008547,1.0,0.9216589861751151,100.0
290,0.8875,1.0,0.9403973509933775,71.0
291,0.8153846153846154,1.0,0.8983050847457628,106.0
292,0.7279411764705882,1.0,0.8425531914893616,99.0
293,0.8482142857142857,0.9895833333333334,0.9134615384615384,96.0
294,0.7037037037037037,0.36538461538461536,0.48101265822784806,52.0
295,0.762962962962963,1.0,0.8655462184873949,103.0
296,0.8676470588235294,0.9833333333333333,0.9218749999999999,120.0
297,0.7761194029850746,0.9904761904761905,0.8702928870292886,105.0
298,0.8333333333333334,1.0,0.9090909090909091,70.0
299,1.0,0.813953488372093,0.8974358974358974,43.0
300,0.9041095890410958,0.7951807228915663,0.846153846153846,83.0
301,0.8552631578947368,0.9420289855072463,0.8965517241379309,69.0
302,0.8666666666666667,0.9891304347826086,0.9238578680203046,92.0
303,0.9354838709677419,0.9775280898876404,0.956043956043956,89.0
304,0.8762886597938144,0.9444444444444444,0.9090909090909091,90.0
305,0.6901408450704225,0.8166666666666667,0.748091603053435,60.0
306,0.8541666666666666,0.6612903225806451,0.7454545454545455,62.0
307,0.8956521739130435,0.9903846153846154,0.9406392694063926,104.0
308,0.8776978417266187,0.9606299212598425,0.9172932330827067,127.0
309,1.0,0.574468085106383,0.7297297297297298,47.0
310,0.90625,0.9886363636363636,0.9456521739130435,88.0
311,0.828125,0.9906542056074766,0.9021276595744682,107.0
312,0.8666666666666667,0.9420289855072463,0.9027777777777778,69.0
313,0.7924528301886793,0.711864406779661,0.75,59.0
314,0.9139784946236559,0.9770114942528736,0.9444444444444445,87.0
315,0.8850574712643678,0.927710843373494,0.9058823529411766,83.0
316,0.78125,0.974025974025974,0.8670520231213873,77.0
317,0.9811320754716981,0.7123287671232876,0.8253968253968254,73.0
318,1.0,0.07017543859649122,0.13114754098360656,57.0
319,0.9042553191489362,0.9444444444444444,0.9239130434782609,90.0
320,0.8888888888888888,1.0,0.9411764705882353,96.0
321,0.7209302325581395,0.9789473684210527,0.8303571428571428,95.0
322,0.9305555555555556,0.8072289156626506,0.864516129032258,83.0
323,0.9135802469135802,0.9736842105263158,0.9426751592356688,76.0
324,0.8225806451612904,0.7846153846153846,0.8031496062992126,65.0
325,0.9238095238095239,1.0,0.9603960396039605,97.0
326,0.8585858585858586,0.9659090909090909,0.9090909090909091,88.0
327,0.6791044776119403,1.0,0.8088888888888888,91.0
328,0.7731958762886598,0.9493670886075949,0.8522727272727272,79.0
329,0.8333333333333334,0.9558823529411765,0.8904109589041096,68.0
330,0.8888888888888888,0.9777777777777777,0.931216931216931,90.0
331,0.7604166666666666,0.948051948051948,0.8439306358381503,77.0
332,0.9230769230769231,0.5294117647058824,0.6728971962616822,68.0
333,0.8108108108108109,1.0,0.8955223880597014,90.0
334,0.8415841584158416,1.0,0.913978494623656,85.0
335,0.8222222222222222,1.0,0.9024390243902439,111.0
336,0.8450704225352113,0.8695652173913043,0.8571428571428571,69.0
337,0.971830985915493,0.8961038961038961,0.9324324324324325,77.0
338,1.0,0.9230769230769231,0.9600000000000001,65.0
339,1.0,0.6666666666666666,0.8,48.0
340,0.9411764705882353,0.32,0.4776119402985075,50.0
341,0.7560975609756098,0.775,0.7654320987654322,40.0
342,0.8823529411764706,0.9183673469387755,0.9,98.0
343,0.8660714285714286,0.97,0.9150943396226415,100.0
344,0.8829787234042553,0.9651162790697675,0.9222222222222223,86.0
345,0.8773584905660378,1.0,0.9346733668341709,93.0
346,0.8433734939759037,0.9722222222222222,0.903225806451613,72.0
347,0.0,0.0,0.0,19.0
348,1.0,0.2553191489361702,0.4067796610169491,47.0
349,0.9710144927536232,0.9852941176470589,0.9781021897810219,68.0
350,0.946236559139785,0.9777777777777777,0.9617486338797814,90.0
351,1.0,0.5230769230769231,0.686868686868687,65.0
352,0.7368421052631579,0.8615384615384616,0.7943262411347517,65.0
353,0.8584905660377359,0.9680851063829787,0.91,94.0
354,0.8854166666666666,0.9659090909090909,0.9239130434782609,88.0
355,0.9302325581395349,0.9090909090909091,0.9195402298850575,88.0
356,0.8446601941747572,0.9666666666666667,0.9015544041450777,90.0
357,0.6741573033707865,0.9836065573770492,0.7999999999999999,61.0
358,0.9375,0.8152173913043478,0.872093023255814,92.0
359,0.8103448275862069,1.0,0.8952380952380952,94.0
360,0.9090909090909091,0.9523809523809523,0.9302325581395349,105.0
361,0.9705882352941176,0.7674418604651163,0.8571428571428571,86.0
362,0.9252336448598131,1.0,0.9611650485436893,99.0
363,0.7368421052631579,0.7777777777777778,0.7567567567567567,54.0
364,0.9534883720930233,1.0,0.9761904761904763,41.0
365,1.0,0.45,0.6206896551724138,40.0
366,0.8681318681318682,0.9080459770114943,0.8876404494382023,87.0
367,0.9180327868852459,0.9032258064516129,0.9105691056910569,62.0
368,0.845360824742268,0.9879518072289156,0.9111111111111111,83.0
369,0.918918918918919,0.4788732394366197,0.6296296296296297,71.0
370,0.8269230769230769,0.9772727272727273,0.8958333333333334,88.0
371,0.8210526315789474,0.975,0.8914285714285713,80.0
372,0.9074074074074074,0.6125,0.7313432835820897,80.0
373,1.0,0.7017543859649122,0.8247422680412371,57.0
374,0.7222222222222222,0.9558823529411765,0.8227848101265822,68.0
375,0.8,0.9411764705882353,0.8648648648648648,68.0
376,0.0,0.0,0.0,5.0
377,1.0,0.06521739130434782,0.12244897959183672,46.0
378,0.8717948717948718,0.9444444444444444,0.9066666666666667,72.0
379,0.9,0.9782608695652174,0.9375,92.0
380,0.9191919191919192,0.9891304347826086,0.9528795811518325,92.0
381,0.8558558558558559,0.979381443298969,0.9134615384615384,97.0
382,0.7078651685393258,0.9264705882352942,0.802547770700637,68.0
383,0.9523809523809523,0.6349206349206349,0.7619047619047619,63.0
384,0.9791666666666666,0.7704918032786885,0.8623853211009173,61.0
385,0.8938053097345132,0.9805825242718447,0.9351851851851852,103.0
386,0.8876404494382022,0.9753086419753086,0.9294117647058823,81.0
387,0.9051724137931034,0.9545454545454546,0.9292035398230089,110.0
388,0.9125,0.9605263157894737,0.935897435897436,76.0
389,0.9803921568627451,0.704225352112676,0.8196721311475409,71.0
390,0.0,0.0,0.0,14.0
391,1.0,0.21428571428571427,0.35294117647058826,42.0
392,0.8558558558558559,0.9313725490196079,0.892018779342723,102.0
393,0.8867924528301887,1.0,0.9400000000000001,94.0
394,0.8348623853211009,1.0,0.9099999999999999,91.0
395,1.0,0.16666666666666666,0.2857142857142857,42.0
396,0.8476190476190476,0.9888888888888889,0.9128205128205127,90.0
397,0.8048780487804879,0.9801980198019802,0.8839285714285714,101.0
398,0.8907563025210085,0.9814814814814815,0.933920704845815,108.0
399,0.6060606060606061,1.0,0.7547169811320755,60.0
400,1.0,0.375,0.5454545454545454,56.0
401,1.0,0.6363636363636364,0.7777777777777778,22.0
402,0.8131868131868132,0.9487179487179487,0.8757396449704142,78.0
403,0.7886178861788617,0.9897959183673469,0.8778280542986425,98.0
404,0.82,0.845360824742268,0.83248730964467,97.0
405,1.0,0.10526315789473684,0.1904761904761905,38.0
406,1.0,0.47619047619047616,0.6451612903225806,63.0
407,0.7339449541284404,0.9876543209876543,0.8421052631578947,81.0
408,0.8928571428571429,0.9868421052631579,0.9375,76.0
409,0.8666666666666667,0.9904761904761905,0.9244444444444445,105.0
410,0.9270833333333334,1.0,0.9621621621621621,89.0
411,0.8303571428571429,0.9893617021276596,0.9029126213592233,94.0
412,1.0,0.0625,0.11764705882352941,64.0
413,0.9375,0.6818181818181818,0.7894736842105263,66.0
414,0.8333333333333334,1.0,0.9090909090909091,90.0
415,0.0,0.0,0.0,21.0
416,0.7211538461538461,0.974025974025974,0.8287292817679558,77.0
417,0.9487179487179487,0.8809523809523809,0.9135802469135802,84.0
418,0.9117647058823529,0.9789473684210527,0.9441624365482234,95.0
419,0.8695652173913043,0.9615384615384616,0.91324200913242,104.0
420,1.0,0.8823529411764706,0.9375,85.0
421,0.9504950495049505,0.96,0.9552238805970149,100.0
422,0.8677685950413223,0.9905660377358491,0.9251101321585904,106.0
423,0.7894736842105263,0.2112676056338028,0.33333333333333337,71.0
424,0.9065420560747663,0.9603960396039604,0.9326923076923077,101.0
425,1.0,0.6666666666666666,0.8,42.0
426,0.8703703703703703,0.9591836734693877,0.912621359223301,98.0
427,0.0,0.0,0.0,3.0
428,0.7661290322580645,0.9895833333333334,0.8636363636363636,96.0
429,0.9722222222222222,0.603448275862069,0.7446808510638298,58.0
430,1.0,0.3584905660377358,0.5277777777777778,53.0
431,0.8557692307692307,1.0,0.9222797927461139,89.0
432,0.9294117647058824,0.9753086419753086,0.9518072289156626,81.0
433,0.90625,1.0,0.9508196721311475,87.0
434,0.8369565217391305,0.9871794871794872,0.9058823529411766,78.0
435,0.6810344827586207,1.0,0.8102564102564103,79.0
436,0.0,0.0,0.0,34.0
437,0.9487179487179487,0.961038961038961,0.9548387096774195,77.0
438,0.7291666666666666,0.9722222222222222,0.8333333333333333,72.0
439,0.9215686274509803,0.746031746031746,0.8245614035087719,63.0
440,0.9145299145299145,0.963963963963964,0.9385964912280702,111.0
441,1.0,0.13157894736842105,0.23255813953488372,38.0
442,0.8712871287128713,0.967032967032967,0.9166666666666667,91.0
443,0.684931506849315,0.819672131147541,0.7462686567164178,61.0
444,0.6486486486486487,0.972972972972973,0.7783783783783784,74.0
445,0.8493150684931506,0.8266666666666667,0.8378378378378378,75.0
446,0.8421052631578947,0.5517241379310345,0.6666666666666666,58.0
447,0.7272727272727273,0.8727272727272727,0.7933884297520661,55.0
448,1.0,0.10204081632653061,0.1851851851851852,49.0
449,0.6363636363636364,0.2978723404255319,0.40579710144927533,47.0
450,1.0,0.36,0.5294117647058824,50.0
451,0.8073394495412844,0.9777777777777777,0.8844221105527638,90.0
452,0.8686868686868687,0.9885057471264368,0.9247311827956989,87.0
453,0.9891304347826086,0.9891304347826086,0.9891304347826086,92.0
454,0.978494623655914,0.9578947368421052,0.9680851063829788,95.0
455,1.0,0.703125,0.8256880733944955,64.0
456,0.9666666666666667,0.8529411764705882,0.90625,102.0
457,0.6967213114754098,0.9883720930232558,0.8173076923076923,86.0
458,0.8974358974358975,0.660377358490566,0.7608695652173912,53.0
459,0.963855421686747,0.898876404494382,0.9302325581395349,89.0
460,0.927536231884058,0.8421052631578947,0.882758620689655,76.0
461,1.0,0.7222222222222222,0.8387096774193548,36.0
462,1.0,0.34782608695652173,0.5161290322580645,46.0
463,0.8631578947368421,1.0,0.9265536723163842,82.0
464,0.7964601769911505,0.9782608695652174,0.8780487804878049,92.0
465,0.9518072289156626,0.9875,0.9693251533742331,80.0
466,0.94,0.9791666666666666,0.9591836734693877,96.0
467,0.9577464788732394,0.8717948717948718,0.9127516778523489,78.0
468,1.0,0.10638297872340426,0.1923076923076923,47.0
469,0.9404761904761905,0.9518072289156626,0.9461077844311376,83.0
470,0.8461538461538461,0.2682926829268293,0.4074074074074075,41.0
471,1.0,0.4090909090909091,0.5806451612903226,44.0
472,0.8125,1.0,0.896551724137931,104.0
473,0.7916666666666666,0.987012987012987,0.8786127167630057,77.0
474,0.8849557522123894,0.9615384615384616,0.9216589861751152,104.0
475,0.9285714285714286,0.5098039215686274,0.6582278481012658,51.0
476,0.8545454545454545,1.0,0.9215686274509803,94.0
477,1.0,0.3448275862068966,0.5128205128205129,58.0
478,0.875,0.32558139534883723,0.47457627118644063,43.0
479,0.7244094488188977,0.989247311827957,0.8363636363636363,93.0
480,1.0,0.7021276595744681,0.825,47.0
481,0.8571428571428571,0.9473684210526315,0.9,76.0
482,0.90625,0.6170212765957447,0.7341772151898734,47.0
483,0.9175257731958762,0.839622641509434,0.876847290640394,106.0
484,1.0,0.7777777777777778,0.8750000000000001,90.0
485,0.7647058823529411,1.0,0.8666666666666666,91.0
486,0.7384615384615385,1.0,0.8495575221238938,96.0
487,1.0,0.7333333333333333,0.846153846153846,75.0
488,0.9767441860465116,0.9130434782608695,0.9438202247191011,46.0
489,0.7045454545454546,0.9393939393939394,0.8051948051948052,66.0
490,0.8952380952380953,0.9791666666666666,0.9353233830845771,96.0
491,0.8721804511278195,1.0,0.931726907630522,116.0
492,0.9381443298969072,0.9381443298969072,0.9381443298969072,97.0
493,0.8923076923076924,0.8285714285714286,0.8592592592592593,70.0
494,0.8921568627450981,0.9381443298969072,0.914572864321608,97.0
495,0.0,0.0,0.0,46.0
496,0.8898305084745762,0.9905660377358491,0.9374999999999999,106.0
497,1.0,0.10256410256410256,0.18604651162790695,39.0
498,0.8902439024390244,0.9240506329113924,0.9068322981366461,79.0
499,0.8636363636363636,0.475,0.6129032258064516,40.0
500,0.0,0.0,0.0,42.0
501,0.9016393442622951,0.9821428571428571,0.9401709401709402,112.0
502,0.971830985915493,0.8518518518518519,0.9078947368421053,81.0
503,0.8125,0.9873417721518988,0.8914285714285716,79.0
504,0.6739130434782609,1.0,0.8051948051948052,93.0
505,0.8478260869565217,0.975,0.9069767441860466,80.0
506,1.0,0.5714285714285714,0.7272727272727273,42.0
507,0.9428571428571428,0.8048780487804879,0.868421052631579,82.0
508,0.8734177215189873,0.9857142857142858,0.9261744966442954,70.0
509,0.8850574712643678,0.8191489361702128,0.850828729281768,94.0
510,0.9349593495934959,1.0,0.9663865546218486,115.0
511,0.8666666666666667,0.2826086956521739,0.4262295081967213,46.0
512,1.0,0.030303030303030304,0.05882352941176471,33.0
513,0.8617021276595744,0.9529411764705882,0.9050279329608938,85.0
514,0.9814814814814815,0.6883116883116883,0.8091603053435115,77.0
515,1.0,0.8292682926829268,0.9066666666666667,41.0
516,0.8823529411764706,0.28846153846153844,0.4347826086956522,52.0
517,0.875,0.5121951219512195,0.6461538461538462,41.0
518,0.6620689655172414,1.0,0.7966804979253111,96.0
519,0.8493150684931506,0.8857142857142857,0.8671328671328671,70.0
520,0.708029197080292,1.0,0.8290598290598291,97.0
521,0.8828828828828829,0.8990825688073395,0.8909090909090909,109.0
522,0.9069767441860465,0.975,0.9397590361445783,80.0
523,0.9354838709677419,0.8656716417910447,0.8992248062015503,67.0
524,0.7481481481481481,0.9619047619047619,0.8416666666666667,105.0
525,0.8888888888888888,0.9629629629629629,0.9244444444444444,108.0
526,0.9387755102040817,0.989247311827957,0.9633507853403142,93.0
527,0.7272727272727273,0.9876543209876543,0.837696335078534,81.0
528,0.9454545454545454,0.9811320754716981,0.9629629629629629,106.0
529,0.9456521739130435,0.9775280898876404,0.9613259668508287,89.0
530,0.8712871287128713,0.9166666666666666,0.8934010152284264,96.0
531,0.0,0.0,0.0,6.0
532,0.8448275862068966,0.98989898989899,0.9116279069767442,99.0
533,0.8934426229508197,0.990909090909091,0.9396551724137931,110.0
534,0.7213114754098361,0.8627450980392157,0.7857142857142857,51.0
535,0.8611111111111112,0.96875,0.911764705882353,64.0
536,0.9078947368421053,0.8414634146341463,0.8734177215189874,82.0
537,1.0,0.23404255319148937,0.3793103448275862,47.0
538,0.9,0.17307692307692307,0.2903225806451613,52.0
539,0.926829268292683,0.926829268292683,0.926829268292683,82.0
540,0.8083333333333333,0.97,0.8818181818181818,100.0
541,1.0,0.8333333333333334,0.9090909090909091,24.0
542,0.9361702127659575,0.676923076923077,0.7857142857142858,65.0
543,0.9340659340659341,0.9444444444444444,0.9392265193370165,90.0
544,0.9139784946236559,0.9659090909090909,0.9392265193370166,88.0
545,0.7920792079207921,0.975609756097561,0.8743169398907104,82.0
546,0.9666666666666667,0.9775280898876404,0.9720670391061451,89.0
547,0.8923076923076924,0.9206349206349206,0.90625,63.0
548,1.0,0.043478260869565216,0.08333333333333333,46.0
549,0.828125,0.8833333333333333,0.8548387096774193,60.0
550,0.7203389830508474,0.9883720930232558,0.8333333333333334,86.0
551,0.927536231884058,0.8648648648648649,0.8951048951048951,74.0
552,0.8461538461538461,0.8333333333333334,0.8396946564885497,66.0
553,1.0,0.25,0.4,28.0
554,0.0,0.0,0.0,2.0
555,0.9782608695652174,0.75,0.849056603773585,60.0
556,0.7012987012987013,0.84375,0.7659574468085106,64.0
557,0.7787610619469026,0.9887640449438202,0.8712871287128713,89.0
558,0.8145161290322581,1.0,0.8977777777777779,101.0
559,1.0,0.21428571428571427,0.35294117647058826,42.0
560,0.8137254901960784,0.9880952380952381,0.8924731182795699,84.0
561,0.8611111111111112,0.9789473684210527,0.9162561576354681,95.0
562,0.8877551020408163,0.9886363636363636,0.935483870967742,88.0
563,1.0,0.6226415094339622,0.7674418604651162,53.0
564,0.9327731092436975,0.9910714285714286,0.961038961038961,112.0
565,0.8367346938775511,1.0,0.9111111111111111,82.0
566,0.8979591836734694,0.7857142857142857,0.838095238095238,56.0
567,0.8442622950819673,1.0,0.9155555555555556,103.0
568,0.8936170212765957,0.9545454545454546,0.9230769230769231,88.0
569,0.9701492537313433,0.8024691358024691,0.8783783783783784,81.0
570,0.826530612244898,1.0,0.9050279329608939,81.0
571,0.864406779661017,0.796875,0.8292682926829269,64.0
572,0.9565217391304348,0.6111111111111112,0.7457627118644068,72.0
573,1.0,0.125,0.2222222222222222,40.0
574,0.711864406779661,0.7368421052631579,0.7241379310344828,57.0
575,0.7674418604651163,1.0,0.868421052631579,99.0
576,0.8151260504201681,0.8981481481481481,0.8546255506607929,108.0
577,0.8333333333333334,0.8181818181818182,0.8256880733944955,55.0
578,0.9146341463414634,1.0,0.9554140127388536,75.0
579,0.96875,0.7654320987654321,0.8551724137931034,81.0
580,0.8888888888888888,0.5970149253731343,0.7142857142857142,67.0
581,0.8089887640449438,0.8470588235294118,0.8275862068965517,85.0
582,0.8205128205128205,0.9411764705882353,0.8767123287671232,68.0
583,0.9545454545454546,0.3387096774193548,0.5,62.0
584,0.7868852459016393,0.8421052631578947,0.8135593220338982,57.0
585,1.0,0.49019607843137253,0.6578947368421052,51.0
586,0.9157894736842105,0.9775280898876404,0.9456521739130435,89.0
587,0.0,0.0,0.0,1.0
588,0.7857142857142857,1.0,0.88,88.0
589,0.8160919540229885,0.8987341772151899,0.8554216867469879,79.0
590,0.9,0.96,0.9290322580645162,75.0
591,0.8898305084745762,0.9905660377358491,0.9374999999999999,106.0
592,0.9142857142857143,0.48484848484848486,0.6336633663366337,66.0
593,1.0,0.4074074074074074,0.5789473684210525,54.0
594,0.9487179487179487,0.8705882352941177,0.9079754601226994,85.0
595,0.9027777777777778,0.9154929577464789,0.9090909090909091,71.0
596,0.8333333333333334,0.9868421052631579,0.9036144578313252,76.0
597,0.8666666666666667,0.8783783783783784,0.87248322147651,74.0
598,0.7641509433962265,0.9759036144578314,0.8571428571428572,83.0
599,0.96,0.9113924050632911,0.935064935064935,79.0
600,0.8,0.927536231884058,0.8590604026845639,69.0
601,0.9891304347826086,0.9891304347826086,0.9891304347826086,92.0
602,1.0,0.2727272727272727,0.42857142857142855,33.0
603,0.9036144578313253,0.8928571428571429,0.8982035928143712,84.0
604,0.8493150684931506,0.8857142857142857,0.8671328671328671,70.0
605,0.8636363636363636,1.0,0.9268292682926829,114.0
606,1.0,0.08695652173913043,0.16,46.0
607,0.7226277372262774,0.9705882352941176,0.8284518828451883,102.0
608,1.0,0.025,0.04878048780487806,40.0
609,0.8020833333333334,0.9746835443037974,0.88,79.0
610,0.9411764705882353,0.9911504424778761,0.9655172413793104,113.0
611,1.0,0.3333333333333333,0.5,27.0
612,0.6774193548387096,1.0,0.8076923076923077,84.0
613,0.6521739130434783,0.7317073170731707,0.6896551724137931,41.0
614,0.746031746031746,0.8545454545454545,0.7966101694915254,55.0
615,0.0,0.0,0.0,3.0
616,0.7349397590361446,0.7721518987341772,0.7530864197530864,79.0
617,0.9008264462809917,1.0,0.9478260869565218,109.0
618,1.0,0.4857142857142857,0.6538461538461539,35.0
619,0.0,0.0,0.0,2.0
620,0.9240506329113924,0.8902439024390244,0.9068322981366461,82.0
621,0.8431372549019608,0.9772727272727273,0.9052631578947369,88.0
622,0.8888888888888888,0.14285714285714285,0.24615384615384617,56.0
623,0.8870967741935484,0.9016393442622951,0.8943089430894309,61.0
624,0.9178082191780822,0.9436619718309859,0.9305555555555556,71.0
625,0.8490566037735849,0.989010989010989,0.9137055837563451,91.0
626,0.9459459459459459,0.9905660377358491,0.967741935483871,106.0
627,0.9743589743589743,0.5352112676056338,0.6909090909090908,71.0
628,1.0,0.22916666666666666,0.37288135593220334,48.0
629,1.0,0.09090909090909091,0.16666666666666669,44.0
630,0.9489795918367347,0.9117647058823529,0.9300000000000002,102.0
631,0.7913043478260869,0.978494623655914,0.875,93.0
632,0.9736842105263158,0.6727272727272727,0.7956989247311828,55.0
633,0.8571428571428571,0.13333333333333333,0.23076923076923078,45.0
634,0.9090909090909091,0.875,0.8917197452229298,80.0
635,0.7142857142857143,0.9574468085106383,0.8181818181818182,94.0
636,0.9444444444444444,0.9066666666666666,0.9251700680272109,75.0
637,0.868421052631579,0.9801980198019802,0.9209302325581395,101.0
638,0.84375,0.5,0.627906976744186,54.0
639,1.0,0.3076923076923077,0.47058823529411764,13.0
640,1.0,0.75,0.8571428571428571,36.0
641,0.9782608695652174,0.9278350515463918,0.9523809523809524,97.0
642,0.8279569892473119,0.9506172839506173,0.885057471264368,81.0
643,0.9523809523809523,0.5714285714285714,0.7142857142857142,35.0
644,0.8448275862068966,1.0,0.9158878504672897,98.0
645,0.9304347826086956,1.0,0.9639639639639639,107.0
646,0.8089887640449438,0.9,0.8520710059171598,80.0
647,0.9342105263157895,0.7395833333333334,0.8255813953488373,96.0
648,0.6842105263157895,0.9558823529411765,0.7975460122699386,68.0
649,0.7741935483870968,0.7384615384615385,0.7559055118110236,65.0
650,1.0,0.7972972972972973,0.8872180451127819,74.0
651,0.8446601941747572,0.9666666666666667,0.9015544041450777,90.0
652,0.8070175438596491,0.8846153846153846,0.8440366972477065,52.0
653,0.9701492537313433,0.8904109589041096,0.9285714285714287,73.0
654,0.7709923664122137,1.0,0.8706896551724138,101.0
655,0.6666666666666666,0.45,0.5373134328358209,40.0
656,0.8860759493670886,0.8860759493670886,0.8860759493670886,79.0
657,0.96,0.96,0.96,50.0
658,0.9135802469135802,0.9866666666666667,0.9487179487179487,75.0
659,0.8804347826086957,0.7641509433962265,0.8181818181818181,106.0
660,0.8068181818181818,0.9726027397260274,0.8819875776397516,73.0
661,0.9583333333333334,0.4339622641509434,0.5974025974025975,53.0
662,0.6952380952380952,0.9864864864864865,0.8156424581005586,74.0
663,1.0,0.484375,0.6526315789473685,64.0
664,0.8727272727272727,0.64,0.7384615384615385,75.0
665,0.7894736842105263,0.9493670886075949,0.8620689655172414,79.0
666,0.8529411764705882,0.8969072164948454,0.8743718592964823,97.0
667,0.9587628865979382,0.96875,0.9637305699481865,96.0
668,0.8625,0.8313253012048193,0.8466257668711658,83.0
669,0.9864864864864865,0.9864864864864865,0.9864864864864865,74.0
670,0.5308641975308642,0.7166666666666667,0.6099290780141844,60.0
671,0.926605504587156,0.9711538461538461,0.9483568075117371,104.0
672,0.9206349206349206,0.8656716417910447,0.8923076923076922,67.0
673,0.9402985074626866,0.7325581395348837,0.823529411764706,86.0
674,0.8292682926829268,0.9622641509433962,0.8908296943231442,106.0
675,0.8211382113821138,0.9901960784313726,0.8977777777777778,102.0
676,0.8426966292134831,0.9036144578313253,0.8720930232558138,83.0
677,0.8870967741935484,0.9734513274336283,0.9282700421940928,113.0
678,0.9615384615384616,0.8064516129032258,0.8771929824561403,62.0
679,0.8348623853211009,0.9479166666666666,0.8878048780487804,96.0
680,0.8350515463917526,1.0,0.9101123595505618,81.0
681,0.9473684210526315,0.935064935064935,0.9411764705882352,77.0
682,0.7982456140350878,0.978494623655914,0.8792270531400967,93.0
683,0.923728813559322,0.9646017699115044,0.9437229437229437,113.0
684,0.7969924812030075,0.9814814814814815,0.8796680497925311,108.0
685,0.8653846153846154,0.967741935483871,0.9137055837563453,93.0
686,0.8455284552845529,0.9811320754716981,0.9082969432314412,106.0
687,0.8316831683168316,1.0,0.9081081081081082,84.0
688,0.7321428571428571,0.7192982456140351,0.7256637168141592,57.0
689,0.8865979381443299,0.9555555555555556,0.9197860962566844,90.0
690,0.7913043478260869,0.978494623655914,0.875,93.0
691,1.0,0.21153846153846154,0.34920634920634924,52.0
692,0.9661016949152542,0.7916666666666666,0.8702290076335878,72.0
693,0.7821782178217822,0.9518072289156626,0.858695652173913,83.0
694,1.0,0.41818181818181815,0.5897435897435896,55.0
695,0.9223300970873787,0.9405940594059405,0.9313725490196079,101.0
696,0.8348623853211009,0.978494623655914,0.900990099009901,93.0
697,0.8863636363636364,0.9512195121951219,0.9176470588235294,82.0
698,0.8309859154929577,0.855072463768116,0.8428571428571429,69.0
699,0.9010989010989011,0.9761904761904762,0.937142857142857,84.0
700,1.0,0.06060606060606061,0.1142857142857143,33.0
701,0.9230769230769231,0.9438202247191011,0.9333333333333335,89.0
702,1.0,0.06521739130434782,0.12244897959183672,46.0
703,0.9484536082474226,1.0,0.9735449735449735,92.0
704,1.0,0.7209302325581395,0.8378378378378378,43.0
705,0.8674698795180723,0.935064935064935,0.9,77.0
706,0.9154929577464789,0.8904109589041096,0.9027777777777778,73.0
707,0.8412698412698413,0.7361111111111112,0.7851851851851852,72.0
708,1.0,0.6756756756756757,0.8064516129032258,37.0
709,1.0,0.2,0.33333333333333337,10.0
710,0.8227848101265823,1.0,0.9027777777777779,65.0
711,0.7777777777777778,0.9702970297029703,0.8634361233480177,101.0
712,0.95,0.8539325842696629,0.8994082840236686,89.0
713,0.7322834645669292,0.9893617021276596,0.8416289592760181,94.0
714,0.851063829787234,0.9195402298850575,0.8839779005524862,87.0
715,0.8679245283018868,0.9108910891089109,0.8888888888888888,101.0
716,0.8,0.875,0.8358208955223881,64.0
717,1.0,0.4838709677419355,0.6521739130434783,62.0
718,0.693069306930693,0.8433734939759037,0.7608695652173914,83.0
719,0.91,0.978494623655914,0.9430051813471503,93.0
720,0.8174603174603174,0.9716981132075472,0.8879310344827587,106.0
721,1.0,0.2962962962962963,0.45714285714285713,27.0
722,0.7857142857142857,0.2619047619047619,0.39285714285714285,42.0
723,0.8082191780821918,0.8309859154929577,0.8194444444444445,71.0
724,0.9381443298969072,0.9381443298969072,0.9381443298969072,97.0
725,1.0,0.2549019607843137,0.40625,51.0
726,0.9545454545454546,0.7875,0.8630136986301369,80.0
727,0.7657657657657657,0.9883720930232558,0.8629441624365481,86.0
728,0.9795918367346939,0.897196261682243,0.9365853658536586,107.0
729,0.8431372549019608,0.9885057471264368,0.91005291005291,87.0
730,0.9178082191780822,0.9571428571428572,0.9370629370629371,70.0
731,1.0,0.17857142857142858,0.30303030303030304,56.0
732,0.7864077669902912,1.0,0.8804347826086956,81.0
733,0.9375,0.9574468085106383,0.9473684210526315,94.0
734,0.9368421052631579,0.8557692307692307,0.8944723618090453,104.0
735,0.9108910891089109,0.989247311827957,0.9484536082474228,93.0
736,0.7899159663865546,0.9690721649484536,0.8703703703703703,97.0
737,0.9107142857142857,0.864406779661017,0.8869565217391304,59.0
738,0.9347826086956522,0.8269230769230769,0.8775510204081632,52.0
739,0.7619047619047619,0.9896907216494846,0.8609865470852017,97.0
740,0.7230769230769231,0.9894736842105263,0.8355555555555554,95.0
741,0.925,0.5441176470588235,0.6851851851851851,68.0
742,0.8617886178861789,0.9814814814814815,0.9177489177489178,108.0
743,0.9672131147540983,0.7866666666666666,0.8676470588235293,75.0
744,0.9294117647058824,0.9080459770114943,0.9186046511627908,87.0
745,0.9642857142857143,0.9529411764705882,0.9585798816568047,85.0
746,0.8532110091743119,0.9207920792079208,0.8857142857142858,101.0
747,0.8210526315789474,0.9629629629629629,0.8863636363636364,81.0
748,0.8762886597938144,0.9883720930232558,0.9289617486338797,86.0
749,1.0,0.4857142857142857,0.6538461538461539,70.0
750,0.8571428571428571,0.9278350515463918,0.8910891089108911,97.0
751,1.0,0.3584905660377358,0.5277777777777778,53.0
752,0.9444444444444444,1.0,0.9714285714285714,102.0
753,0.6915887850467289,0.9487179487179487,0.7999999999999999,78.0
754,0.8548387096774194,0.9636363636363636,0.905982905982906,110.0
755,0.9193548387096774,0.8507462686567164,0.883720930232558,67.0
756,0.9439252336448598,0.926605504587156,0.9351851851851852,109.0
757,0.7653061224489796,0.9493670886075949,0.8474576271186441,79.0
758,0.8,0.9523809523809523,0.8695652173913043,84.0
759,0.8941176470588236,0.926829268292683,0.9101796407185628,82.0
760,0.9312977099236641,0.9838709677419355,0.9568627450980393,124.0
761,0.6808510638297872,0.9552238805970149,0.7950310559006212,67.0
762,0.94,0.734375,0.8245614035087719,64.0
763,1.0,0.029411764705882353,0.05714285714285715,34.0
764,0.9552238805970149,0.8421052631578947,0.895104895104895,76.0
765,0.8099173553719008,0.98989898989899,0.8909090909090909,99.0
766,0.7923076923076923,0.9537037037037037,0.865546218487395,108.0
767,0.0,0.0,0.0,39.0
768,0.7857142857142857,0.9041095890410958,0.840764331210191,73.0
769,0.8725490196078431,0.956989247311828,0.9128205128205128,93.0
770,0.9761904761904762,0.640625,0.7735849056603773,64.0
771,0.9217391304347826,0.9814814814814815,0.9506726457399104,108.0
772,0.900990099009901,1.0,0.9479166666666667,91.0
773,0.808695652173913,0.96875,0.8815165876777251,96.0
774,0.9634146341463414,0.9404761904761905,0.9518072289156626,84.0
775,0.8727272727272727,0.9795918367346939,0.923076923076923,98.0
776,0.8842105263157894,0.9438202247191011,0.9130434782608695,89.0
777,0.7410714285714286,0.9764705882352941,0.8426395939086295,85.0
778,0.9791666666666666,0.9038461538461539,0.9400000000000001,52.0
779,0.9230769230769231,0.9473684210526315,0.935064935064935,76.0
780,0.8620689655172413,0.8928571428571429,0.8771929824561403,84.0
781,0.7142857142857143,0.1,0.1754385964912281,50.0
782,0.9325842696629213,0.9764705882352941,0.9540229885057471,85.0
783,0.7657657657657657,1.0,0.8673469387755102,85.0
784,0.8803418803418803,1.0,0.9363636363636364,103.0
785,0.7623762376237624,0.9746835443037974,0.8555555555555555,79.0
786,0.7076923076923077,0.7540983606557377,0.7301587301587301,61.0
787,0.6666666666666666,0.05,0.09302325581395349,40.0
788,1.0,0.3333333333333333,0.5,27.0
789,0.7723577235772358,0.979381443298969,0.8636363636363636,97.0
790,1.0,0.16666666666666666,0.2857142857142857,54.0
791,0.96875,0.9489795918367347,0.9587628865979382,98.0
792,0.9444444444444444,0.3617021276595745,0.5230769230769231,47.0
793,1.0,0.22,0.36065573770491804,50.0
794,0.0,0.0,0.0,5.0
795,1.0,0.6,0.7499999999999999,45.0
796,1.0,0.17391304347826086,0.29629629629629634,23.0
797,0.8526315789473684,0.9418604651162791,0.8950276243093923,86.0
798,1.0,0.4444444444444444,0.6153846153846153,63.0
799,0.8598130841121495,0.989247311827957,0.9199999999999999,93.0
800,1.0,0.29545454545454547,0.456140350877193,44.0
801,0.9239130434782609,0.9340659340659341,0.9289617486338797,91.0
802,0.859375,1.0,0.9243697478991597,110.0
803,0.941747572815534,0.9797979797979798,0.9603960396039605,99.0
804,0.85,1.0,0.9189189189189189,85.0
805,0.953125,0.7721518987341772,0.8531468531468531,79.0
806,0.7317073170731707,0.8823529411764706,0.8,68.0
807,0.96,0.9863013698630136,0.9729729729729729,73.0
808,0.8504672897196262,0.9891304347826086,0.914572864321608,92.0
809,0.9701492537313433,0.9154929577464789,0.9420289855072463,71.0
810,0.9183673469387755,0.989010989010989,0.9523809523809524,91.0
811,0.8518518518518519,0.971830985915493,0.9078947368421053,71.0
812,0.9473684210526315,0.33962264150943394,0.4999999999999999,53.0
813,1.0,0.6285714285714286,0.7719298245614035,70.0
814,0.855072463768116,0.9076923076923077,0.8805970149253731,65.0
815,0.8333333333333334,0.9659090909090909,0.8947368421052632,88.0
816,0.0,0.0,0.0,30.0
817,0.958904109589041,0.9459459459459459,0.9523809523809523,74.0
818,0.925,1.0,0.961038961038961,74.0
819,1.0,0.3076923076923077,0.47058823529411764,26.0
820,1.0,0.5576923076923077,0.7160493827160493,52.0
821,0.9203539823008849,1.0,0.9585253456221198,104.0
822,0.8543689320388349,0.9887640449438202,0.9166666666666666,89.0
823,0.7,0.9506172839506173,0.806282722513089,81.0
824,0.7619047619047619,1.0,0.8648648648648648,96.0
825,1.0,0.1935483870967742,0.3243243243243243,62.0
826,0.0,0.0,0.0,2.0
827,0.7787610619469026,0.9887640449438202,0.8712871287128713,89.0
828,0.9322033898305084,0.7971014492753623,0.859375,69.0
829,1.0,0.40625,0.5777777777777777,64.0
830,0.839622641509434,0.9468085106382979,0.89,94.0
831,0.8727272727272727,0.9896907216494846,0.9275362318840581,97.0
832,0.9772727272727273,0.7166666666666667,0.826923076923077,60.0
833,0.8333333333333334,0.3125,0.45454545454545453,48.0
834,0.0,0.0,0.0,14.0
835,0.9767441860465116,0.6268656716417911,0.7636363636363637,67.0
836,0.6283783783783784,1.0,0.7717842323651452,93.0
837,0.8440366972477065,1.0,0.9154228855721394,92.0
838,0.89,0.978021978021978,0.9319371727748691,91.0
839,0.8913043478260869,0.9879518072289156,0.9371428571428572,83.0
840,1.0,0.6851851851851852,0.8131868131868133,54.0
841,0.9468085106382979,0.9081632653061225,0.9270833333333334,98.0
842,0.7876106194690266,0.9888888888888889,0.876847290640394,90.0
843,1.0,0.36538461538461536,0.5352112676056338,52.0
844,0.8469387755102041,0.9540229885057471,0.8972972972972973,87.0
845,0.8214285714285714,0.9324324324324325,0.8734177215189872,74.0
846,0.0,0.0,0.0,8.0
847,0.7964601769911505,0.967741935483871,0.8737864077669903,93.0
848,0.9264705882352942,0.8289473684210527,0.875,76.0
849,1.0,0.044444444444444446,0.0851063829787234,45.0
850,0.972972972972973,0.5373134328358209,0.6923076923076924,67.0
851,0.9615384615384616,0.5102040816326531,0.6666666666666667,49.0
852,1.0,0.3076923076923077,0.47058823529411764,26.0
853,0.7704918032786885,0.9791666666666666,0.8623853211009173,96.0
854,0.940677966101695,0.9736842105263158,0.956896551724138,114.0
855,0.9090909090909091,0.7692307692307693,0.8333333333333333,65.0
856,1.0,0.36,0.5294117647058824,50.0
857,0.7413793103448276,0.9555555555555556,0.8349514563106797,90.0
858,0.7804878048780488,0.9696969696969697,0.8648648648648648,66.0
859,0.8518518518518519,0.9787234042553191,0.9108910891089108,94.0
860,0.9772727272727273,0.6825396825396826,0.8037383177570094,63.0
861,1.0,0.7450980392156863,0.8539325842696629,51.0
862,0.9090909090909091,0.967741935483871,0.9374999999999999,93.0
863,1.0,0.4603174603174603,0.6304347826086957,63.0
864,0.8867924528301887,0.9591836734693877,0.9215686274509803,98.0
865,0.0,0.0,0.0,4.0
866,0.9787234042553191,0.9787234042553191,0.9787234042553191,47.0
867,0.8941176470588236,0.9047619047619048,0.8994082840236687,84.0
868,0.9102564102564102,0.8255813953488372,0.8658536585365854,86.0
869,0.9193548387096774,0.7215189873417721,0.8085106382978723,79.0
870,0.9545454545454546,0.9655172413793104,0.96,87.0
871,0.9279279279279279,0.9279279279279279,0.9279279279279279,111.0
872,0.811965811965812,0.9895833333333334,0.8920187793427231,96.0
873,0.8983050847457628,0.8833333333333333,0.8907563025210085,60.0
874,0.9117647058823529,0.6595744680851063,0.7654320987654322,47.0
875,0.8679245283018868,0.9787234042553191,0.9199999999999999,94.0
876,0.8686868686868687,0.9885057471264368,0.9247311827956989,87.0
877,0.927710843373494,0.9625,0.9447852760736196,80.0
878,0.9238095238095239,0.97,0.9463414634146342,100.0
879,1.0,0.875,0.9333333333333333,64.0
880,0.875,0.15217391304347827,0.2592592592592593,46.0
881,0.8421052631578947,0.2857142857142857,0.4266666666666667,56.0
882,0.82,0.7735849056603774,0.796116504854369,53.0
883,0.9655172413793104,0.7887323943661971,0.8682170542635659,71.0
884,0.7878787878787878,0.9629629629629629,0.8666666666666665,81.0
885,1.0,0.37254901960784315,0.5428571428571428,51.0
886,0.9516129032258065,0.7662337662337663,0.8489208633093526,77.0
887,0.9306930693069307,0.9791666666666666,0.9543147208121827,96.0
888,0.7684210526315789,0.948051948051948,0.8488372093023255,77.0
889,0.7021276595744681,0.9565217391304348,0.8098159509202454,69.0
890,0.8641975308641975,0.8641975308641975,0.8641975308641975,81.0
891,0.7751937984496124,1.0,0.8733624454148472,100.0
892,1.0,0.02127659574468085,0.04166666666666667,47.0
893,0.9444444444444444,0.4146341463414634,0.576271186440678,41.0
894,0.8514851485148515,1.0,0.9197860962566845,86.0
895,0.8165137614678899,0.9888888888888889,0.8944723618090452,90.0
896,0.8653846153846154,0.9278350515463918,0.8955223880597015,97.0
897,0.9,0.9310344827586207,0.9152542372881356,87.0
898,0.900990099009901,0.9479166666666666,0.9238578680203046,96.0
899,0.8032786885245902,0.98989898989899,0.8868778280542987,99.0
900,1.0,0.5405405405405406,0.7017543859649124,37.0
901,0.8141592920353983,0.989247311827957,0.8932038834951458,93.0
902,0.8311688311688312,0.9846153846153847,0.9014084507042254,65.0
903,1.0,0.6666666666666666,0.8,54.0
904,0.6766917293233082,0.8823529411764706,0.7659574468085105,102.0
905,1.0,0.023255813953488372,0.04545454545454545,43.0
906,0.8571428571428571,0.7714285714285715,0.81203007518797,70.0
907,0.9358974358974359,0.8588235294117647,0.8957055214723926,85.0
908,1.0,0.2545454545454545,0.4057971014492754,55.0
909,0.8888888888888888,0.7164179104477612,0.793388429752066,67.0
910,0.9438202247191011,0.9545454545454546,0.9491525423728814,88.0
911,0.8653846153846154,0.9782608695652174,0.9183673469387755,92.0
912,1.0,0.2222222222222222,0.3636363636363636,27.0
913,0.8508771929824561,0.9603960396039604,0.9023255813953488,101.0
914,0.9078947368421053,0.971830985915493,0.9387755102040817,71.0
915,0.8571428571428571,0.9896907216494846,0.9186602870813396,97.0
916,0.8924731182795699,1.0,0.9431818181818181,83.0
917,0.8,0.9583333333333334,0.8720379146919433,96.0
918,0.8666666666666667,0.9397590361445783,0.9017341040462428,83.0
919,0.946236559139785,0.9263157894736842,0.9361702127659575,95.0
920,0.9622641509433962,0.6891891891891891,0.8031496062992127,74.0
921,1.0,0.29411764705882354,0.45454545454545453,17.0
922,0.9473684210526315,0.9473684210526315,0.9473684210526315,76.0
923,0.631578947368421,1.0,0.7741935483870968,84.0
924,0.873015873015873,1.0,0.9322033898305084,55.0
925,0.84375,1.0,0.9152542372881356,108.0
926,0.8648648648648649,1.0,0.927536231884058,96.0
927,0.9473684210526315,0.8275862068965517,0.8834355828220859,87.0
928,0.93,0.96875,0.9489795918367346,96.0
929,0.8113207547169812,0.7889908256880734,0.7999999999999999,109.0
930,0.8695652173913043,0.7547169811320755,0.8080808080808081,53.0
931,0.7432432432432432,0.859375,0.7971014492753623,64.0
932,1.0,0.3111111111111111,0.4745762711864407,45.0
933,0.8492063492063492,1.0,0.9184549356223175,107.0
934,0.9375,0.9574468085106383,0.9473684210526315,94.0
935,0.7710843373493976,0.9411764705882353,0.847682119205298,68.0
936,0.8695652173913043,0.9900990099009901,0.9259259259259259,101.0
937,0.7349397590361446,0.8970588235294118,0.8079470198675497,68.0
938,0.9565217391304348,0.6285714285714286,0.7586206896551724,35.0
939,0.0,0.0,0.0,36.0
940,0.8488372093023255,0.9733333333333334,0.906832298136646,75.0
941,1.0,0.5813953488372093,0.7352941176470588,43.0
942,0.9090909090909091,0.20408163265306123,0.33333333333333337,49.0
943,0.8974358974358975,0.5555555555555556,0.6862745098039216,63.0
944,0.8876404494382022,0.9404761904761905,0.9132947976878611,84.0
945,0.865979381443299,0.9882352941176471,0.9230769230769231,85.0
946,0.8620689655172413,0.9375,0.8982035928143712,80.0
947,1.0,0.06666666666666667,0.125,45.0
948,0.9803921568627451,0.746268656716418,0.847457627118644,67.0
949,0.72,0.8852459016393442,0.7941176470588235,61.0
950,0.8673469387755102,1.0,0.9289617486338798,85.0
951,0.7703703703703704,0.9904761904761905,0.8666666666666667,105.0
952,1.0,0.13333333333333333,0.23529411764705882,45.0
953,0.9642857142857143,0.4909090909090909,0.6506024096385543,55.0
954,1.0,0.08,0.14814814814814814,50.0
955,1.0,0.34,0.5074626865671642,50.0
956,0.788135593220339,0.9789473684210527,0.8732394366197183,95.0
957,0.8333333333333334,0.13157894736842105,0.22727272727272727,38.0
958,0.6973684210526315,0.9636363636363636,0.8091603053435114,55.0
959,0.9368421052631579,0.9270833333333334,0.9319371727748692,96.0
960,0.8598130841121495,1.0,0.9246231155778893,92.0
961,0.9333333333333333,0.8484848484848485,0.888888888888889,66.0
962,0.5702479338842975,0.8846153846153846,0.6934673366834171,78.0
963,0.8389830508474576,0.9705882352941176,0.9,102.0
964,0.9850746268656716,0.9428571428571428,0.9635036496350364,70.0
965,0.9175257731958762,0.978021978021978,0.9468085106382979,91.0
966,0.8596491228070176,0.98,0.9158878504672898,100.0
967,0.7976190476190477,0.9305555555555556,0.858974358974359,72.0
968,0.7647058823529411,0.2653061224489796,0.3939393939393939,49.0
969,1.0,0.10909090909090909,0.19672131147540983,55.0
970,0.9,0.2903225806451613,0.4390243902439024,31.0
971,0.0,0.0,0.0,31.0
972,0.8229166666666666,0.9875,0.8977272727272727,80.0
973,0.873015873015873,0.9821428571428571,0.9243697478991596,112.0
974,0.92,0.8932038834951457,0.9064039408866995,103.0
975,0.96,1.0,0.9795918367346939,96.0
976,0.7425742574257426,0.9868421052631579,0.8474576271186441,76.0
977,1.0,0.08108108108108109,0.15,37.0
978,0.9433962264150944,0.9433962264150944,0.9433962264150944,106.0
979,0.7422680412371134,0.9230769230769231,0.8228571428571428,78.0
980,1.0,0.021739130434782608,0.042553191489361694,46.0
981,1.0,0.4482758620689655,0.6190476190476191,58.0
982,1.0,0.5789473684210527,0.7333333333333334,19.0
983,0.9090909090909091,0.8108108108108109,0.8571428571428571,74.0
984,0.8425925925925926,1.0,0.914572864321608,91.0
985,0.9107142857142857,0.864406779661017,0.8869565217391304,59.0
986,1.0,0.04878048780487805,0.09302325581395349,41.0
987,1.0,0.1875,0.3157894736842105,48.0
988,0.8611111111111112,1.0,0.9253731343283582,93.0
989,0.81,1.0,0.8950276243093923,81.0
990,0.8602150537634409,0.9411764705882353,0.898876404494382,85.0
991,0.86,0.7049180327868853,0.7747747747747747,61.0
992,1.0,0.41509433962264153,0.5866666666666668,53.0
993,0.9642857142857143,0.72,0.8244274809160306,75.0
994,1.0,0.375,0.5454545454545454,32.0
995,0.958904109589041,0.8974358974358975,0.9271523178807948,78.0
996,0.7204301075268817,0.9710144927536232,0.8271604938271604,69.0
997,0.9130434782608695,0.863013698630137,0.8873239436619719,73.0
998,0.8686868686868687,0.9555555555555556,0.9100529100529101,90.0
999,0.9130434782608695,0.9459459459459459,0.9292035398230089,111.0
1000,0.8849557522123894,0.9803921568627451,0.9302325581395348,102.0
1001,0.825,1.0,0.9041095890410958,99.0
1002,0.865546218487395,1.0,0.927927927927928,103.0
1003,0.8222222222222222,0.9866666666666667,0.896969696969697,75.0
1004,1.0,0.1956521739130435,0.32727272727272727,46.0
1005,0.9428571428571428,0.9705882352941176,0.9565217391304348,102.0
1006,0.9117647058823529,1.0,0.9538461538461539,93.0
1007,0.9142857142857143,0.9795918367346939,0.9458128078817734,98.0
1008,1.0,0.02857142857142857,0.05555555555555556,35.0
1009,0.8849557522123894,0.9900990099009901,0.9345794392523366,101.0
1010,0.6,0.574468085106383,0.5869565217391305,47.0
1011,0.7761194029850746,0.8253968253968254,0.8,63.0
1012,0.6917808219178082,1.0,0.8178137651821863,101.0
1013,0.6285714285714286,0.8148148148148148,0.7096774193548386,54.0
1014,0.7717391304347826,0.9466666666666667,0.8502994011976047,75.0
1015,1.0,0.022222222222222223,0.04347826086956522,45.0
1016,0.9222222222222223,0.9651162790697675,0.9431818181818181,86.0
1017,0.85,1.0,0.9189189189189189,85.0
1018,0.797752808988764,0.8255813953488372,0.8114285714285714,86.0
1019,0.9380530973451328,1.0,0.9680365296803652,106.0
1020,1.0,0.04,0.07692307692307693,50.0
1021,0.963855421686747,0.7920792079207921,0.8695652173913044,101.0
1022,1.0,0.18518518518518517,0.3125,54.0
1023,0.7737226277372263,1.0,0.8724279835390947,106.0
1024,0.9333333333333333,1.0,0.9655172413793104,112.0
1025,0.891566265060241,0.9135802469135802,0.9024390243902438,81.0
1026,0.8925619834710744,1.0,0.9432314410480349,108.0
1027,0.9239130434782609,1.0,0.96045197740113,85.0
1028,0.8181818181818182,0.8873239436619719,0.8513513513513514,71.0
1029,0.8942307692307693,0.9587628865979382,0.9253731343283582,97.0
1030,1.0,0.08333333333333333,0.15384615384615385,36.0
1031,0.8888888888888888,0.9014084507042254,0.8951048951048951,71.0
1032,0.8125,0.6190476190476191,0.7027027027027026,63.0
1033,0.8372093023255814,0.8571428571428571,0.8470588235294119,84.0
1034,1.0,0.9761904761904762,0.9879518072289156,42.0
1035,0.8461538461538461,0.7586206896551724,0.8,58.0
1036,0.9010989010989011,0.9534883720930233,0.9265536723163842,86.0
1037,0.9340659340659341,0.9550561797752809,0.9444444444444444,89.0
1038,1.0,0.021739130434782608,0.042553191489361694,46.0
1039,0.91,0.9578947368421052,0.9333333333333333,95.0
1040,0.8333333333333334,0.7317073170731707,0.7792207792207793,41.0
1041,0.8541666666666666,0.9213483146067416,0.8864864864864865,89.0
1042,1.0,0.3870967741935484,0.5581395348837209,31.0
1043,1.0,0.1276595744680851,0.22641509433962262,47.0
1044,0.8775510204081632,0.9347826086956522,0.9052631578947369,92.0
1045,0.8487394957983193,0.9439252336448598,0.8938053097345133,107.0
1046,0.8584070796460177,0.9603960396039604,0.9065420560747663,101.0
1047,0.803921568627451,0.7735849056603774,0.7884615384615384,53.0
1048,0.775,0.6739130434782609,0.7209302325581396,46.0
1049,0.8,0.96,0.8727272727272728,75.0
1050,0.826530612244898,1.0,0.9050279329608939,81.0
1051,0.9024390243902439,0.7628865979381443,0.8268156424581006,97.0
1052,0.8902439024390244,0.9733333333333334,0.9299363057324841,75.0
1053,0.8823529411764706,0.9375,0.9090909090909091,80.0
1054,0.9714285714285714,0.5230769230769231,0.68,65.0
1055,0.9222222222222223,0.9540229885057471,0.9378531073446328,87.0
1056,1.0,0.5,0.6666666666666666,52.0
1057,1.0,0.7894736842105263,0.8823529411764706,38.0
1058,1.0,0.3076923076923077,0.47058823529411764,65.0
1059,0.9508196721311475,0.90625,0.9279999999999999,64.0
1060,0.8571428571428571,0.75,0.7999999999999999,88.0
1061,1.0,0.16901408450704225,0.2891566265060241,71.0
1062,0.875,0.65625,0.75,64.0
1063,0.7786885245901639,0.9895833333333334,0.8715596330275229,96.0
1064,0.9342105263157895,0.9342105263157895,0.9342105263157895,76.0
1065,1.0,0.4838709677419355,0.6521739130434783,31.0
1066,0.9090909090909091,0.19607843137254902,0.3225806451612903,51.0
1067,0.9506172839506173,0.9390243902439024,0.9447852760736196,82.0
1068,0.8938053097345132,0.9711538461538461,0.9308755760368663,104.0
1069,1.0,0.37209302325581395,0.5423728813559322,43.0
1070,0.8055555555555556,0.9560439560439561,0.8743718592964824,91.0
1071,0.8620689655172413,0.847457627118644,0.8547008547008546,59.0
1072,0.9619047619047619,0.9901960784313726,0.9758454106280193,102.0
1073,1.0,0.5689655172413793,0.7252747252747253,58.0
1074,0.9027777777777778,0.9701492537313433,0.9352517985611511,67.0
1075,0.8773584905660378,0.9893617021276596,0.93,94.0
1076,0.9428571428571428,0.9519230769230769,0.9473684210526315,104.0
1077,0.904,0.9912280701754386,0.9456066945606694,114.0
1078,0.0,0.0,0.0,10.0
1079,0.9591836734693877,0.6811594202898551,0.7966101694915255,69.0
1080,0.875,0.9506172839506173,0.9112426035502958,81.0
1081,0.8807339449541285,0.96,0.9186602870813397,100.0
1082,0.8985507246376812,0.775,0.8322147651006713,80.0
1083,0.9736842105263158,0.891566265060241,0.930817610062893,83.0
1084,0.7536231884057971,0.9904761904761905,0.8559670781893004,105.0
1085,0.9024390243902439,0.9487179487179487,0.9249999999999999,78.0
1086,0.8521739130434782,0.9514563106796117,0.8990825688073394,103.0
1087,0.8902439024390244,0.948051948051948,0.9182389937106918,77.0
1088,0.8095238095238095,0.85,0.8292682926829269,60.0
1089,0.9767441860465116,0.875,0.923076923076923,96.0
1090,0.9473684210526315,0.9183673469387755,0.9326424870466321,98.0
1091,0.7230769230769231,1.0,0.8392857142857142,94.0
1092,0.9117647058823529,0.96875,0.9393939393939394,96.0
1093,1.0,0.041666666666666664,0.07999999999999999,48.0
1094,0.9316239316239316,0.990909090909091,0.960352422907489,110.0
1095,1.0,0.2631578947368421,0.4166666666666667,38.0
1096,0.9646017699115044,1.0,0.9819819819819819,109.0
1097,0.8290598290598291,0.9897959183673469,0.9023255813953488,98.0
1098,0.96,0.48,0.64,50.0
1099,0.7613636363636364,0.8271604938271605,0.7928994082840236,81.0
1100,0.8969072164948454,1.0,0.9456521739130436,87.0
1101,1.0,0.08,0.14814814814814814,50.0
1102,0.88,0.3235294117647059,0.4731182795698925,68.0
1103,0.7424242424242424,1.0,0.8521739130434782,98.0
1104,0.6962025316455697,0.873015873015873,0.7746478873239436,63.0
1105,0.0,0.0,0.0,5.0
1106,0.88,0.4230769230769231,0.5714285714285714,52.0
1107,0.8928571428571429,0.8620689655172413,0.8771929824561403,58.0
1108,0.9065420560747663,1.0,0.9509803921568627,97.0
1109,0.8333333333333334,0.974025974025974,0.8982035928143713,77.0
1110,0.792,0.9705882352941176,0.8722466960352424,102.0
1111,0.9382716049382716,0.9156626506024096,0.9268292682926829,83.0
1112,0.9122807017543859,0.9369369369369369,0.9244444444444444,111.0
1113,0.8636363636363636,1.0,0.9268292682926829,95.0
1114,0.0,0.0,0.0,5.0
1115,0.85,0.8831168831168831,0.8662420382165604,77.0
1116,0.9512195121951219,0.75,0.8387096774193549,52.0
1117,1.0,0.047619047619047616,0.0909090909090909,42.0
1118,0.9591836734693877,1.0,0.9791666666666666,94.0
1119,0.8045977011494253,0.875,0.8383233532934132,80.0
1120,0.8103448275862069,0.8392857142857143,0.8245614035087718,56.0
1121,1.0,0.65,0.787878787878788,20.0
1122,0.6746987951807228,0.9180327868852459,0.7777777777777777,61.0
1123,0.9611650485436893,0.9519230769230769,0.9565217391304348,104.0
1124,0.8761904761904762,0.9787234042553191,0.9246231155778896,94.0
1125,0.8313253012048193,0.9583333333333334,0.8903225806451613,72.0
1126,0.8674698795180723,0.972972972972973,0.9171974522292995,74.0
1127,0.9146341463414634,0.9375,0.925925925925926,80.0
1128,0.875,0.9767441860465116,0.923076923076923,86.0
1129,0.9864864864864865,0.9605263157894737,0.9733333333333333,76.0
1130,0.8918918918918919,1.0,0.9428571428571428,99.0
1131,0.8272727272727273,1.0,0.9054726368159205,91.0
1132,0.6981132075471698,0.5285714285714286,0.6016260162601625,70.0
1133,0.8775510204081632,1.0,0.9347826086956522,86.0
1134,0.7787610619469026,0.9887640449438202,0.8712871287128713,89.0
1135,0.8974358974358975,0.958904109589041,0.9271523178807948,73.0
1136,0.7636363636363637,0.75,0.7567567567567568,56.0
1137,0.6065573770491803,0.7872340425531915,0.6851851851851852,47.0
1138,0.8653846153846154,0.9574468085106383,0.9090909090909091,94.0
1139,0.7297297297297297,0.9878048780487805,0.8393782383419688,82.0
1140,0.7717391304347826,0.922077922077922,0.8402366863905326,77.0
1141,1.0,0.9,0.9473684210526316,30.0
1142,0.9365079365079365,0.8309859154929577,0.8805970149253731,71.0
1143,0.8301886792452831,0.9887640449438202,0.9025641025641026,89.0
1144,0.773109243697479,0.9787234042553191,0.863849765258216,94.0
1145,0.8305084745762712,0.8032786885245902,0.8166666666666667,61.0
1146,0.9325842696629213,0.9651162790697675,0.9485714285714285,86.0
1147,0.8771929824561403,0.8620689655172413,0.8695652173913043,58.0
1148,0.7127659574468085,0.9436619718309859,0.8121212121212121,71.0
1149,0.8058252427184466,0.9880952380952381,0.8877005347593583,84.0
1150,0.8409090909090909,0.961038961038961,0.896969696969697,77.0
1151,0.8695652173913043,0.8333333333333334,0.851063829787234,72.0
1152,0.9012345679012346,0.9125,0.9068322981366459,80.0
1153,0.8058252427184466,1.0,0.8924731182795699,83.0
1154,0.9473684210526315,0.72,0.8181818181818181,50.0
1155,0.6904761904761905,0.9886363636363636,0.8130841121495327,88.0
1156,0.9230769230769231,0.6101694915254238,0.7346938775510206,59.0
1157,0.8974358974358975,0.9722222222222222,0.9333333333333333,108.0
1158,0.8230088495575221,0.9893617021276596,0.8985507246376812,94.0
1159,0.9489795918367347,0.9207920792079208,0.934673366834171,101.0
1160,0.9384615384615385,0.7922077922077922,0.8591549295774646,77.0
1161,0.8048780487804879,1.0,0.8918918918918919,99.0
1162,0.9318181818181818,0.8723404255319149,0.9010989010989012,47.0
1163,0.9058823529411765,0.9625,0.9333333333333333,80.0
1164,0.9425287356321839,0.9647058823529412,0.9534883720930232,85.0
1165,0.8148148148148148,0.9887640449438202,0.8934010152284264,89.0
1166,1.0,0.034482758620689655,0.06666666666666667,29.0
1167,0.0,0.0,0.0,10.0
1168,0.8857142857142857,0.8732394366197183,0.8794326241134751,71.0
1169,0.7058823529411765,1.0,0.8275862068965517,84.0
1170,0.9382716049382716,0.8941176470588236,0.9156626506024096,85.0
1171,1.0,0.5862068965517241,0.7391304347826086,29.0
1172,1.0,0.5185185185185185,0.6829268292682926,27.0
1173,0.967741935483871,0.9473684210526315,0.9574468085106383,95.0
1174,1.0,0.10344827586206896,0.1875,58.0
1175,0.9047619047619048,1.0,0.9500000000000001,95.0
1176,0.9065420560747663,0.9603960396039604,0.9326923076923077,101.0
1177,0.8814814814814815,0.9834710743801653,0.9296875000000001,121.0
1178,0.7746478873239436,0.8461538461538461,0.8088235294117647,65.0
1179,0.9393939393939394,0.7948717948717948,0.8611111111111112,78.0
1180,0.9076923076923077,0.7195121951219512,0.802721088435374,82.0
1181,0.9285714285714286,0.6046511627906976,0.7323943661971831,43.0
1182,0.0,0.0,0.0,5.0
1183,0.9871794871794872,0.7475728155339806,0.8508287292817679,103.0
1184,0.8804347826086957,0.8901098901098901,0.8852459016393442,91.0
1185,0.9459459459459459,0.875,0.9090909090909091,80.0
1186,1.0,0.8888888888888888,0.9411764705882353,45.0
1187,0.9117647058823529,1.0,0.9538461538461539,93.0
1188,0.8584905660377359,0.9285714285714286,0.8921568627450982,98.0
1189,1.0,0.05555555555555555,0.10526315789473684,36.0
1190,0.9021739130434783,0.9880952380952381,0.9431818181818182,84.0
1191,0.6666666666666666,0.5614035087719298,0.6095238095238096,57.0
1192,0.8072289156626506,0.9436619718309859,0.8701298701298701,71.0
1193,1.0,0.2777777777777778,0.4347826086956522,54.0
1194,0.9253731343283582,0.8051948051948052,0.8611111111111112,77.0
1195,0.75,0.872093023255814,0.8064516129032259,86.0
1196,0.926829268292683,0.59375,0.7238095238095238,64.0
1197,0.0,0.0,0.0,23.0
1198,0.9333333333333333,0.9438202247191011,0.9385474860335196,89.0
1199,0.9529411764705882,0.9418604651162791,0.9473684210526314,86.0
1200,0.9333333333333333,0.7466666666666667,0.8296296296296296,75.0
1201,0.0,0.0,0.0,8.0
1202,0.8898305084745762,0.9905660377358491,0.9374999999999999,106.0
1203,0.0,0.0,0.0,6.0
1204,1.0,0.022222222222222223,0.04347826086956522,45.0
1205,0.8225806451612904,0.9714285714285714,0.8908296943231441,105.0
1206,0.7983870967741935,0.99,0.8839285714285715,100.0
1207,0.9,0.9375,0.9183673469387755,96.0
1208,0.859375,0.9016393442622951,0.88,61.0
1209,0.7637795275590551,0.9897959183673469,0.8622222222222221,98.0
1210,0.8783783783783784,0.9285714285714286,0.9027777777777779,70.0
1211,0.6842105263157895,0.30952380952380953,0.42622950819672134,42.0
1212,0.7983193277310925,0.9693877551020408,0.8755760368663593,98.0
1213,0.9560439560439561,0.9456521739130435,0.9508196721311475,92.0
1214,1.0,0.36666666666666664,0.5365853658536585,30.0
1215,0.8878504672897196,0.9595959595959596,0.9223300970873787,99.0
1216,0.8368794326241135,1.0,0.9111969111969112,118.0
1217,0.8,0.6349206349206349,0.7079646017699115,63.0
1218,0.8145161290322581,1.0,0.8977777777777779,101.0
1219,0.890625,0.7916666666666666,0.8382352941176471,72.0
1220,0.8181818181818182,1.0,0.9,99.0
1221,1.0,0.06666666666666667,0.125,30.0
1222,0.7777777777777778,0.9545454545454546,0.8571428571428572,66.0
1223,0.7904761904761904,0.9880952380952381,0.8783068783068783,84.0
1224,0.967032967032967,0.967032967032967,0.967032967032967,91.0
1225,1.0,0.9322033898305084,0.9649122807017544,59.0
1226,0.7637795275590551,0.9897959183673469,0.8622222222222221,98.0
1227,0.8818897637795275,1.0,0.9372384937238494,112.0
1228,1.0,0.5625,0.72,48.0
1229,0.9642857142857143,0.9759036144578314,0.970059880239521,83.0
1230,0.9404761904761905,0.8229166666666666,0.8777777777777778,96.0
1231,0.9339622641509434,0.9801980198019802,0.9565217391304348,101.0
1232,1.0,0.11363636363636363,0.20408163265306123,44.0
1233,0.9069767441860465,0.9512195121951219,0.9285714285714286,82.0
1234,0.84,0.8873239436619719,0.863013698630137,71.0
1235,0.0,0.0,0.0,14.0
1236,0.9324324324324325,0.8518518518518519,0.8903225806451613,81.0
1237,0.8285714285714286,0.8169014084507042,0.822695035460993,71.0
1238,0.7738095238095238,0.9558823529411765,0.8552631578947368,68.0
1239,0.9814814814814815,0.6708860759493671,0.7969924812030076,79.0
1240,0.975609756097561,0.6557377049180327,0.7843137254901961,61.0
1241,0.8181818181818182,0.972972972972973,0.8888888888888891,74.0
1242,0.8181818181818182,0.9113924050632911,0.8622754491017964,79.0
1243,0.8899082568807339,0.9797979797979798,0.9326923076923077,99.0
1244,0.7572815533980582,0.9629629629629629,0.8478260869565217,81.0
1245,0.8321167883211679,0.9827586206896551,0.9011857707509882,116.0
1246,0.0,0.0,0.0,31.0
1247,0.9619047619047619,0.9901960784313726,0.9758454106280193,102.0
1248,0.9,0.9529411764705882,0.9257142857142857,85.0
1249,0.7545454545454545,0.9764705882352941,0.8512820512820513,85.0
1250,0.90625,0.8405797101449275,0.8721804511278196,69.0
1251,0.0,0.0,0.0,4.0
1252,1.0,0.17647058823529413,0.3,34.0
1253,0.98,0.6805555555555556,0.8032786885245902,72.0
1254,0.9215686274509803,0.912621359223301,0.9170731707317074,103.0
1255,0.7962962962962963,0.6515151515151515,0.7166666666666667,66.0
1256,0.9423076923076923,0.8448275862068966,0.890909090909091,58.0
1257,0.8873239436619719,0.8289473684210527,0.8571428571428571,76.0
1258,0.9240506329113924,0.948051948051948,0.9358974358974359,77.0
1259,0.8627450980392157,0.967032967032967,0.9119170984455958,91.0
1260,1.0,0.043478260869565216,0.08333333333333333,23.0
1261,0.7226890756302521,0.9772727272727273,0.8309178743961353,88.0
1262,0.6888888888888889,0.9893617021276596,0.812227074235808,94.0
1263,1.0,0.11904761904761904,0.21276595744680848,42.0
1264,0.8666666666666667,0.6964285714285714,0.7722772277227722,56.0
1265,0.7807017543859649,1.0,0.8768472906403941,89.0
1266,0.9382716049382716,0.9156626506024096,0.9268292682926829,83.0
1267,0.9555555555555556,0.7049180327868853,0.8113207547169811,61.0
1268,0.7075471698113207,0.9868421052631579,0.8241758241758242,76.0
1269,0.8831168831168831,0.85,0.8662420382165604,80.0
1270,0.9019607843137255,1.0,0.9484536082474228,92.0
1271,0.9523809523809523,0.49382716049382713,0.6504065040650406,81.0
1272,0.925531914893617,1.0,0.9613259668508287,87.0
1273,0.9195402298850575,0.9411764705882353,0.9302325581395349,85.0
1274,0.8481012658227848,1.0,0.9178082191780821,67.0
1275,0.9878048780487805,0.9759036144578314,0.9818181818181818,83.0
1276,0.9767441860465116,0.5675675675675675,0.717948717948718,74.0
1277,0.8468468468468469,0.9894736842105263,0.9126213592233009,95.0
1278,0.8476190476190476,0.967391304347826,0.9035532994923857,92.0
1279,1.0,0.2708333333333333,0.4262295081967213,48.0
1280,0.8118811881188119,1.0,0.8961748633879781,82.0
1281,1.0,0.26,0.41269841269841273,50.0
1282,1.0,0.8850574712643678,0.9390243902439025,87.0
1283,0.8482142857142857,0.9693877551020408,0.9047619047619048,98.0
1284,0.8732394366197183,0.8732394366197183,0.8732394366197183,71.0
1285,1.0,0.19148936170212766,0.32142857142857145,47.0
1286,0.8620689655172413,0.9868421052631579,0.9202453987730062,76.0
1287,0.8217054263565892,0.9906542056074766,0.8983050847457626,107.0
1288,0.8085106382978723,0.6333333333333333,0.7102803738317757,60.0
1289,1.0,0.047619047619047616,0.0909090909090909,42.0
1290,0.8476190476190476,0.9081632653061225,0.876847290640394,98.0
1291,0.9405940594059405,0.95,0.9452736318407959,100.0
1292,0.98,0.7313432835820896,0.8376068376068375,67.0
1293,1.0,0.1282051282051282,0.22727272727272727,39.0
1294,0.967741935483871,0.9375,0.9523809523809523,96.0
1295,0.9120879120879121,0.9651162790697675,0.9378531073446328,86.0
1296,0.7596153846153846,0.9186046511627907,0.8315789473684211,86.0
1297,0.898876404494382,0.9302325581395349,0.9142857142857143,86.0
1298,0.8414634146341463,0.8846153846153846,0.8625,78.0
1299,0.9052631578947369,0.9247311827956989,0.9148936170212766,93.0
1300,0.9418604651162791,0.9204545454545454,0.9310344827586208,88.0
1301,0.9523809523809523,0.38461538461538464,0.547945205479452,52.0
1302,1.0,0.8,0.888888888888889,40.0
1303,0.6774193548387096,1.0,0.8076923076923077,84.0
1304,0.8260869565217391,0.35185185185185186,0.49350649350649356,54.0
1305,0.9436619718309859,0.9436619718309859,0.9436619718309859,71.0
1306,0.91,0.9578947368421052,0.9333333333333333,95.0
1307,0.7863247863247863,0.968421052631579,0.8679245283018867,95.0
1308,0.7777777777777778,0.9702970297029703,0.8634361233480177,101.0
1309,0.0,0.0,0.0,4.0
1310,0.873015873015873,0.7534246575342466,0.8088235294117647,73.0
1311,0.8656716417910447,0.8405797101449275,0.8529411764705882,69.0
1312,0.9393939393939394,0.6078431372549019,0.738095238095238,51.0
1313,0.9012345679012346,0.9125,0.9068322981366459,80.0
1314,0.9310344827586207,0.8350515463917526,0.8804347826086957,97.0
1315,0.8333333333333334,0.8860759493670886,0.8588957055214723,79.0
1316,0.8383838383838383,0.9880952380952381,0.907103825136612,84.0
1317,1.0,0.0625,0.11764705882352941,48.0
1318,0.8555555555555555,0.9390243902439024,0.8953488372093023,82.0
1319,0.7647058823529411,0.975,0.857142857142857,80.0
1320,0.813953488372093,0.603448275862069,0.693069306930693,58.0
1321,0.9629629629629629,0.9873417721518988,0.975,79.0
1322,0.831858407079646,0.9791666666666666,0.8995215311004785,96.0
1323,1.0,0.16666666666666666,0.2857142857142857,54.0
1324,0.875,0.9702970297029703,0.92018779342723,101.0
1325,0.7894736842105263,1.0,0.8823529411764706,90.0
1326,0.9454545454545454,0.8666666666666667,0.9043478260869566,60.0
1327,0.8155339805825242,0.9545454545454546,0.8795811518324607,88.0
1328,0.8256880733944955,0.989010989010989,0.9000000000000001,91.0
1329,0.8888888888888888,0.9904761904761905,0.9369369369369369,105.0
1330,1.0,0.8918918918918919,0.9428571428571428,37.0
1331,0.8125,0.639344262295082,0.7155963302752295,61.0
1332,0.8434782608695652,0.9897959183673469,0.9107981220657276,98.0
1333,0.7669902912621359,0.9634146341463414,0.854054054054054,82.0
1334,0.7906976744186046,0.9902912621359223,0.8793103448275862,103.0
1335,0.7377049180327869,0.9782608695652174,0.8411214953271028,92.0
1336,0.84,0.4666666666666667,0.6000000000000001,45.0
1337,0.9032258064516129,0.9333333333333333,0.9180327868852459,90.0
1338,0.8415841584158416,0.9659090909090909,0.8994708994708994,88.0
1339,0.6633663366336634,0.9178082191780822,0.7701149425287357,73.0
1340,0.9117647058823529,0.5,0.6458333333333334,62.0
1341,1.0,0.6585365853658537,0.7941176470588235,41.0
1342,0.9420289855072463,0.8904109589041096,0.9154929577464788,73.0
1343,0.7272727272727273,0.9302325581395349,0.8163265306122448,86.0
1344,0.8928571428571429,0.7936507936507936,0.8403361344537815,63.0
1345,0.8791208791208791,0.8602150537634409,0.8695652173913043,93.0
1346,1.0,0.873015873015873,0.9322033898305084,63.0
1347,0.9298245614035088,0.7361111111111112,0.8217054263565892,72.0
1348,0.9655172413793104,0.56,0.7088607594936709,50.0
1349,0.725,0.9666666666666667,0.8285714285714285,90.0
1350,0.9230769230769231,0.9473684210526315,0.935064935064935,76.0
1351,0.9252336448598131,0.9252336448598131,0.9252336448598131,107.0
1352,0.7391304347826086,1.0,0.85,85.0
1353,0.9552238805970149,0.927536231884058,0.9411764705882353,69.0
1354,0.9873417721518988,0.9285714285714286,0.9570552147239264,84.0
1355,0.9583333333333334,0.8363636363636363,0.8932038834951457,55.0
1356,0.8518518518518519,0.971830985915493,0.9078947368421053,71.0
1357,0.8888888888888888,1.0,0.9411764705882353,112.0
1358,0.8817204301075269,0.9534883720930233,0.9162011173184358,86.0
1359,0.875,0.8974358974358975,0.8860759493670887,39.0
1360,0.7943262411347518,1.0,0.8853754940711462,112.0
1361,0.9516129032258065,0.9076923076923077,0.9291338582677167,65.0
1362,0.9583333333333334,0.7666666666666667,0.8518518518518519,60.0
1363,1.0,0.5555555555555556,0.7142857142857143,45.0
1364,0.896551724137931,0.5777777777777777,0.7027027027027027,45.0
1365,0.8536585365853658,0.9722222222222222,0.9090909090909091,72.0
1366,0.8559322033898306,0.9901960784313726,0.9181818181818182,102.0
1367,0.7582417582417582,0.971830985915493,0.8518518518518519,71.0
1368,0.897196261682243,1.0,0.9458128078817734,96.0
1369,0.9130434782608695,0.6885245901639344,0.7850467289719626,61.0
1370,1.0,0.75,0.8571428571428571,52.0
1371,0.65625,0.35,0.4565217391304347,60.0
1372,0.8490566037735849,0.989010989010989,0.9137055837563451,91.0
1373,0.8,0.9876543209876543,0.8839779005524862,81.0
1374,0.8253968253968254,0.7878787878787878,0.8062015503875969,66.0
1375,0.9101123595505618,0.8901098901098901,0.8999999999999999,91.0
1376,0.8411214953271028,0.9782608695652174,0.9045226130653266,92.0
1377,0.94,0.7121212121212122,0.810344827586207,66.0
1378,1.0,0.6666666666666666,0.8,33.0
1379,0.9523809523809523,0.8695652173913043,0.909090909090909,92.0
1380,0.6981132075471698,0.9024390243902439,0.7872340425531914,82.0
1381,1.0,0.28,0.43750000000000006,25.0
1382,0.9230769230769231,0.8,0.8571428571428571,60.0
1383,0.9662921348314607,0.86,0.9100529100529101,100.0
1384,0.8865979381443299,1.0,0.9398907103825136,86.0
1385,0.9642857142857143,0.9642857142857143,0.9642857142857143,84.0
1386,1.0,0.18181818181818182,0.3076923076923077,44.0
1387,0.8548387096774194,0.828125,0.8412698412698412,64.0
1388,0.7777777777777778,0.984375,0.8689655172413794,64.0
1389,0.9512195121951219,0.6842105263157895,0.7959183673469389,57.0
1390,0.9381443298969072,0.978494623655914,0.9578947368421052,93.0
1391,1.0,0.16666666666666666,0.2857142857142857,54.0
1392,0.9841269841269841,0.7469879518072289,0.8493150684931506,83.0
1393,1.0,0.46938775510204084,0.6388888888888888,49.0
1394,0.8627450980392157,1.0,0.9263157894736842,88.0
1395,1.0,0.5,0.6666666666666666,38.0
1396,0.9036144578313253,0.9615384615384616,0.9316770186335404,78.0
1397,0.8952380952380953,0.9894736842105263,0.9400000000000001,95.0
1398,0.8734177215189873,0.92,0.896103896103896,75.0
1399,1.0,0.48,0.6486486486486487,25.0
1400,0.6666666666666666,0.963855421686747,0.7881773399014779,83.0
1401,0.0,0.0,0.0,30.0
1402,0.8709677419354839,0.9759036144578314,0.9204545454545455,83.0
1403,0.872093023255814,0.9868421052631579,0.925925925925926,76.0
1404,0.875,0.13725490196078433,0.23728813559322037,51.0
1405,0.8467741935483871,0.9722222222222222,0.9051724137931034,108.0
1406,0.7623762376237624,0.9625,0.8508287292817679,80.0
1407,0.8205128205128205,0.5517241379310345,0.6597938144329897,58.0
1408,0.8452380952380952,0.7888888888888889,0.8160919540229884,90.0
1409,1.0,0.5357142857142857,0.6976744186046512,56.0
1410,0.8941176470588236,0.8735632183908046,0.8837209302325582,87.0
1411,0.8910891089108911,0.9473684210526315,0.9183673469387755,95.0
1412,0.643312101910828,0.9901960784313726,0.7799227799227798,102.0
1413,0.8611111111111112,0.8611111111111112,0.8611111111111112,72.0
1414,0.7719298245614035,0.9777777777777777,0.8627450980392156,90.0
1415,0.4619883040935672,0.9753086419753086,0.626984126984127,81.0
1416,0.8888888888888888,0.8888888888888888,0.8888888888888888,90.0
1417,0.8974358974358975,0.963302752293578,0.9292035398230087,109.0
1418,0.8961038961038961,0.9452054794520548,0.9199999999999999,73.0
accuracy,0.8560747311524192,0.8560747311524192,0.8560747311524192,0.8560747311524192
macro avg,0.8535085086869614,0.7830143749662856,0.7782687175214541,106194.0
weighted avg,0.867667793614647,0.8560747311524192,0.8353758230057803,106194.0
